Seller_id,Average_Days,Late_Rate,Item_Count
f5fea3ffed6c2e889bab72705557c63a,1.7,1,1
f524ad65d7e0f1daab730ef2d2e86196,3.84,1,2
efb628aa07c8ca93d7db0d85b91a4f5a,1.95,1,1
edf3fabebcc20f7463cc9c53da932ea8,4.97,1,1
ebe3dabc4955c9b0d695e7bda38bf5c3,4.09,1,1
e5bd51692380fd8cabb19b756b95e714,6.165,1,2
df683dfda87bf71ac3fc63063fba369d,167.71,1,1
da2782c804606d2a5d8e1760dbb3e7ec,13.81,1,1
d8dd176509baa37f359644d082bf7f7b,10.87,1,2
d1aa1ec0839dcab73a6161130eb1f94a,2.45,1,1
d1a5cc844736958c11b8efab9a2b4c87,8.84,1,1
ca5832c6960267b71041f74bb39e8b12,14.88,1,1
c7b7db6c8f3c64a7cc1afa634db21d50,16.65,1,1
c611f4ce9ce875bcc063fa97fd4d7d12,1.69,1,1
c1d1ebb4745cc43cb6f05e9c8a705c9a,5.4,1,1
c13ef0cfbe42f190780f621ce81f2234,6.63,1,1
c004e5ea15737026cecaee0447e00b75,15.84,1,1
be1e9e378700cecaa4ebf71433d7915c,24.26,1,2
bcd2d7510d58e293f20fad6438c1b314,4.68,1,1
bc8c8d665ec4664d286be0d521722b19,4.66,1,1
9ef932e837d8b7f392c0bfee9d359dc2,9,1,1
9da15f4a4ea758d9eeb49000dbe57e22,6.05,1,1
9c57bc60cfad5ee62d35d3f1ce4593a1,14.6,1,1
9bf11dfc0bec77e5a23028043c3c5a8f,12.49,1,1
9ac75591b69c3402684b6ce0310f22ee,0.91,1,1
984c273121e743dd14767befe6cb17f5,3.69,1,1
8e670472e453ba34a379331513d6aab1,35.71,1,1
8629a7efec1aab257e58cda559f03ba7,33.81,1,1
80ceebb4ee9b31afb6c6a916a574a1e2,5.62,1,1
7c462184585ae80bd6e5774c62ce50f2,8.57,1,2
791cfcfe22fe4a771ece27f90017da92,5.79,1,1
781a66c0d89e30814d49fe8b5e14cd07,10.65,1,1
6d04126aba80df143fd038e711b8fd96,16.7,1,1
685b870da5b52a710782c9c0fefbeb5b,16.75,1,2
6524b847b982cd56bb5d4b02b776ee42,16.82,1,2
63704069d9bd3a75c1cf59babe56004a,7.78,1,1
5ca5d579b5857ee8709479b1047cecc3,5.73,1,1
586a871d4f1221763fddb6ceefdeb95e,22.59,1,2
535bf14f36346c7f59d87cece104d70c,0.7,1,1
51a04a8a6bdcb23deccc82b0b80742cf,7.82,1,1
4e42581f08e8cfc7c090f930bac4552a,12.86,1,2
3da38366e7bd9baf6369071f782ecdf0,6.92,1,1
391bbd13b6452244774beff1824006ed,24.03,1,1
344223b2a90784f64136a8a5da012e7f,0.55,1,1
2a73cba571d90c694b7caca072ccf6ce,0.72,1,2
2a50b7ee5aebecc6fd0ff9784a4747d6,17.64,1,2
271b8923c6a549e02d3c9fd1f8c0422b,4.99,1,1
20f0aeea30bc3b8c4420be8ced4226c0,13.52,1,1
20d53aad4fe5ee93a64f8839609d3586,17.71,1,1
1f2eebc0e970fd3c463e4f5d9652687a,5.12,1,1
1b4b28463457a256e9a784ebe2a8f630,7.85,1,1
19484c79cef6c062cb177aa4ef2fcc3c,3.5,1,1
154bdf805377afea75a3bd158e9eab10,2.7,1,1
13d95f0f6f73943d4ceffad0fc2cd32c,2.86,1,1
1352e06ae67b410cdae0b2a22361167b,3.095,1,2
05ca864204d09595ae591b93ea9cf93d,0.56,1,1
04843805947f0fc584fc1969b6e50fe7,0.66,1,2
8d92f3ea807b89465643c219455e7369,10.825,0.875,8
8c3b533c63cca56240f94f1e3a6b18ef,13.4,0.8,5
ec8463980a4e0ea9f8517aea1ed0c419,-0.02,0.75,8
bcc9dd23e2a8bd8267cf92b19304a1b9,0.7,0.666666667,3
a435b009cd956ea60748b5cfbddf2e24,3.19,0.666666667,3
961dff0a659b4561334372337dd897d9,-3.53,0.666666667,3
633ecdf879b94b5337cca303328e4a25,7.31,0.666666667,6
5b97c06a046398e7005b2b7c0d707a92,-1.853333333,0.666666667,3
44f091b5abab8018f682fce8124b85e5,0.43,0.666666667,3
327b89b872c14d1c0be7235ef4871685,9.346666667,0.666666667,3
324583d68897f5ddbaf38f6248322176,3.89,0.666666667,3
17eea220a40cc0d2c0c5346379682398,0.023333333,0.666666667,3
08cdbae123ff67ca4e36d9d641ce0119,4.563333333,0.666666667,6
b1b3948701c5c72445495bd161b83a4c,4.739285714,0.642857143,14
8fec2e460530482132c436cfb5439925,5.76,0.6,5
8d899e15a5925f097cca50faa49b15e3,-3.12,0.6,10
6219ba2359cfb97f2e38fd4c321eb309,2.958,0.6,5
427165bf50f8ca07efc7bdc2bfcf1688,18.572,0.6,5
fcf16b7a8697e559f0123190bb30177d,-1.024285714,0.571428571,7
312ba1d77e9c332ef21f9598b7f64cd7,5.444285714,0.571428571,7
fb8904a8ea99f8831b64ce27db2c1765,-2.58,0.5,2
f7315bb81aea4ddca2d39e249a801c98,-5.715,0.5,2
f682e0f848abafc6f41e0d4e868c66ef,-1.23,0.5,2
eebb3372362aa9a46975164bed19a7e7,27.6625,0.5,4
ec2e006556300a79a5a91e4876ab3a56,1.595,0.5,6
e88165a185134e13fdfc85d4fa654db8,0.785,0.5,2
e4f121bf6ef8b9a1d4d3e65dd0473fab,-1.535,0.5,2
dd4d95ba2d15c071e6c695e2ef6ce169,-3.31,0.5,4
d8d9567d0bfb0bc7eb845a205ba42657,-2.5275,0.5,4
c8025364abeecb115431bf95c11a747f,-0.705,0.5,2
ab91571efab27993ff2f6b36e38055c3,-2.5725,0.5,4
a20d8058c866dbaeca014d2cd20ac62e,-2.605,0.5,2
a154d7316f158bb42e6fa18bbe3afd3a,17.24,0.5,2
a11a0e0ca67423425691db355cff69b0,-5.42,0.5,2
9dd459b29a14bf89d47183cf2cd0e4c7,-5.235,0.5,2
9b1f656ca3060f8af17a50d8a024b533,-5.945,0.5,2
92c8bc6e8f925792247656fed09aad65,-2.84,0.5,2
8e4f041ff58e7845456d3482524014b3,-7.675,0.5,2
8e29d051f810eb22959ede205b462b9f,4.83,0.5,2
8ccf3cf69651cc1d8a02c8bfaf3b8568,-2.99,0.5,2
85ecf03781da592876b7844acc1b729f,0.335,0.5,2
7d484ca289afaac6bf5fc6a1e96d2226,-1.65,0.5,2
7c4adcc13272c0e26fa23aac642adb7b,-6,0.5,2
70125af26c2d6d4ef401a1d02ae7701f,-2.6,0.5,8
700f03c207639c22d933381ff60b35c2,1.1875,0.5,4
6cf476a4ca74498db55cbccdaa9dcfb6,-2.3,0.5,6
5659d77e8d90378e39b960ad5956f64e,-4.285,0.5,2
559d56f3b8f0bc2e5a9a62fe2ce2a39f,-1.525,0.5,2
553a440137d6e0cf776aee0bb83ac9f5,-5.88,0.5,2
528bcf6680c36dddf07620bd35b33a6f,-3.74,0.5,2
5275ca25d0358ca73864e0ae41be1320,-2.5425,0.5,4
4e85b538b0dad58852641540686d0e14,-5.19,0.5,4
4b98b0428fc1932cc2514ef9ce2505e6,-3.83,0.5,2
4342d4b2ba6b161468c63a7e7cfce593,-5.595,0.5,2
30c7f28fd3a5897b2c82d152bb760c17,-1.805,0.5,6
2709af9587499e95e803a6498a5a56e9,-3.787826087,0.5,46
26f6b7ab07be3e9e69ce82a6552efc19,-2.175,0.5,2
253c025bab43881055aeecde5e2d8b77,-6.27,0.5,2
244b04680fdbded0acf5aebd9c92b44a,5.13,0.5,2
12c2ed9cded6138cf0c75f525f565fc7,-3.385,0.5,4
12a8eb0f8d1cd3270695bf2a99f55966,-9.12,0.5,2
0daf5180aa44356f60f8effa533b55a2,-4.92,0.5,2
0d83f8e03188682112cc0d93523705cc,0.2525,0.5,8
0873d9f8f36123f8d910f4760e788cfb,-7.168333333,0.5,6
05e107217c7266362fd44b75b2cd4cc4,-4.19375,0.5,8
05aebce0b5c8f0d41b29b686f2d05fd3,-1.82,0.5,2
038b75b729c8a9a04b0d07cba7eabe86,-0.8,0.5,2
fce62094ffe6a4009188ec44e681dfdd,-11.27909091,0.454545455,11
c42fd8e4d47dfb18ce5222f2dd7752f9,10.12454545,0.454545455,11
c990d6cf976a5718aaedc539f383ab88,0.843333333,0.444444444,9
b0b346d3a89f5eb4c2968af3f083cd43,3.243333333,0.444444444,9
95b293867b5862941c9cd74f756a3c68,3.47,0.444444444,9
3e8bd881d92466e63ba9e3e809cd3c50,-6.806666667,0.444444444,9
c37b2059d4f90d4feead554e5246565e,-3.564375,0.4375,16
ce20a2ec1514c25e16f2b5b39bc818f0,-14.22285714,0.428571429,7
38e6dada03429a47197d5d584d793b41,-6.673333333,0.416666667,12
fa74b2f3287d296e9fbd2cc80f2d1cf1,-4.816,0.4,5
f9d010e39375d9c91dce3f40b73a2f84,-4.678,0.4,5
6ee85be3693ed79a8e80718743d80655,-4.652,0.4,5
4deebb3199eeafb282ae33229144f94b,-0.894,0.4,5
397c4d0c005b6f41f90098ac724e28cb,-5.19,0.4,5
32f1bb9dfa65bc7df5c0d9d95a616be4,-4.472,0.4,5
f76a3b1349b6df1ee875d1f3fa4340f0,-4.84875,0.375,24
5acd070dd3fe441bbb2ec1f1ede515ee,2.58625,0.375,8
538caafddff204241cecbf3a02e6b3cf,-0.285,0.375,8
4c61e37f664c3c88aff092aa5ac779d7,-2.105,0.375,8
02d35243ea2e497335cd0f076b45675d,-5.545,0.375,16
973f21788dfab357250f69a8dcb7ddee,-11.50526316,0.368421053,19
cb41bfbcbda0aea354a834ab222f9a59,10.29909091,0.363636364,11
821fb029fc6e495ca4f08a35d51e53a5,-4.1508,0.36,25
26e2c91ef821e1ff8985f408788fe35b,0.057857143,0.357142857,14
ede0c03645598cdfc63ca8237acbe73d,-3.484255319,0.340425532,47
f6122bc84774df1b372bdb3bb88ddb9f,-4.88,0.333333333,3
ebef8d8c92b4fd3226e5d407bbff21ac,13.25,0.333333333,3
eb9cd5b35d95206585e2185318cb5c61,-5.893333333,0.333333333,3
e82de6494d91d3c4c54450f59b227a94,-1.84,0.333333333,3
e64d65bc8dbec2accda90c58de5d1246,-6.689166667,0.333333333,12
e09887ca8c7bf8a4621ce481820414ef,25.10333333,0.333333333,3
d7b2377bae6ace1b11fc69a11900ac36,-1.776666667,0.333333333,3
d3dcf0604eabf0224fbd5948b5e02f69,-4.312222222,0.333333333,9
c522be04e020c1e7b79f3acff36513d5,-5.65,0.333333333,6
b8d890108a7a80e4f5d59eea9f362438,-2.523333333,0.333333333,3
b87a7ea0c30fad2dd6781b74a0064859,-6.343333333,0.333333333,9
b5abf4f36adc043117b4fca82c22984c,-1.282222222,0.333333333,9
b56828a9f9027f3c918c04ca720d9e3c,-8.5,0.333333333,3
aa762680c40618316a896838866140ea,-8.556666667,0.333333333,3
a67780aba9dd436e7ac0aa1f889e73ec,-3.65,0.333333333,6
9e9b539eb2806acee3f5c28085c1db9f,-2.176666667,0.333333333,3
9da1ca0bef29ee170e541927a5aeabdc,-5.73,0.333333333,6
9539213aa8e023c01937bef95dc006da,-3.486666667,0.333333333,9
8fbe2ee446b97e128471be4ce983dc0d,-3.853333333,0.333333333,3
8bd0e3abda539b9479c4b44a691be1ec,-12.51166667,0.333333333,12
8a40ae794fa3f9892cee24bd5af0488b,-5.768333333,0.333333333,6
8a207b6080964f3c1fc9d35bd6096ba4,-7.93,0.333333333,3
88ae906ea2acf6971f26c3e8b7cb4357,-1.223333333,0.333333333,3
8759e7aedd644f487315e5860962f162,5.473333333,0.333333333,3
83f2b4881141ce3fcd4e985125d3279e,-2.496666667,0.333333333,3
714b9a1332840f257b49f476bea4e341,4.745,0.333333333,6
62760d278921b5f352461620d68a9cee,-13.73333333,0.333333333,3
60da8bfa7eebe230b7d66ac4082d79b3,-7.563333333,0.333333333,3
5e49e3a44bdeb5aab2684258bbd4f525,-10.03,0.333333333,3
5b581417df4480f632484ba681e53944,-3.588333333,0.333333333,12
5b35136197710e16ac5e7b7c2bd4ea85,-3.443333333,0.333333333,9
578fa3a9cb6b6dceab39231ad59cdaca,1.763333333,0.333333333,3
55c96925041a14097b6a7825554f4ad5,-8.615,0.333333333,6
52956b80ae65fda598f06f6b9943e7a9,-6.673333333,0.333333333,3
4fb41dff7c50136976d1a5cf004a42e2,33.81666667,0.333333333,3
48bad451945f5227341793478d6353ea,-13.94,0.333333333,3
47648caee88ccfe951fbb27fbf7b4cbe,-5.226666667,0.333333333,3
3d700782d7818f2c1e0d7a9e9d75fc00,-1.92,0.333333333,3
3d3ccf2b2f8134b10dce9dd446f0e075,-3.956666667,0.333333333,3
35857757f553273b1056c1cabdace7fb,-5.093333333,0.333333333,6
3442f8959a84dea7ee197c632cb2df15,-5.306666667,0.333333333,3
31be790e64fc99f8ff48ec2bd18a3104,-2.168333333,0.333333333,6
2ba91c7ad80ff88b23b7db823b43c233,-2.516666667,0.333333333,6
269c5fc9fcadee614364c3620c30a1f9,-1.92,0.333333333,6
2379bdc3888025689a9deb7b141507d5,-5.024444444,0.333333333,9
1d0997ff06b524ce9289ffd75114ecd3,-18.72333333,0.333333333,3
1ca4bdb0cd7fc48e949bac066188ed26,-9.803333333,0.333333333,3
191d55f7edb8524d525ed01b20fe32e8,-2.183333333,0.333333333,3
13dd308f81fea30cc670c656b2b46cc3,-5.636666667,0.333333333,3
1099a00e0ee3a50935e6c2447ca090c5,-9.256666667,0.333333333,3
0dfbed20065e425d2eaefb101f9816c0,-1.303333333,0.333333333,3
042573af89b6d931f672efaf789d8358,-0.39,0.333333333,3
03bd479e1d9484cdb14104d3023f7321,-4.89,0.333333333,3
02dcd3e8e25bee036e32512bcf175493,-5.266,0.333333333,15
54965bbe3e4f07ae045b90b0b8541f52,-1.68691358,0.320987654,81
b19f3ca2ea475913750f25a5c37c8d8f,-6.372631579,0.315789474,19
ad781527c93d00d89a11eecd9dcad7c1,-8.314473684,0.315789474,38
c1ed9e3daf6154542826a6996af0fb8c,-6.298125,0.3125,16
835f0f7810c76831d6c7d24c7a646d4d,-4.967083333,0.3125,48
d9e7e7778b32987280a6f2cb9a39c57d,-8.961538462,0.307692308,13
7210cd29727d674c00741e5e387b3ccd,-4.679230769,0.307692308,13
0417b067eeab773d2f7061a726dc477f,-3.193846154,0.307692308,13
e1b12447a7563944843191754aeb5562,-6.267,0.3,10
7f152321c60a266edc53af1925ef96c1,-5.6145,0.3,20
13fa2a6c6b9d0f43cb588d7c82117a12,-4.64,0.3,10
c4d51195486dc781531876a7d00453d8,-12.06882353,0.294117647,17
2a1348e9addc1af5aaa619b1a3679d6b,1.353921569,0.294117647,51
4e5725ba188db8252977a4f0227bd462,-2.012083333,0.291666667,24
f3295428338a40977a03f555246a70f4,-9.512857143,0.285714286,7
d5b9a084373da994a6e37f732169a853,-5.522857143,0.285714286,7
ab3e0c171fe84a7ba7de130f19cfb485,-8.415714286,0.285714286,7
83b08de96980757220871b31bf6cffca,-4.237142857,0.285714286,7
7fc87cc3e89b3d1d5cabdca32f8485aa,-8.233571429,0.285714286,14
7daca0837f033a41a6f3428c18657533,-4.735714286,0.285714286,7
79565f7d5603b24ddf07ade262547f2f,-10.51285714,0.285714286,7
5f67c6082caacb26e431a7b17940cece,-1.12,0.285714286,14
2c3d56f92f360fb89d849b84e8f50eae,-4.672857143,0.285714286,7
20b54c376b794ed028df09a3cd88e8dc,-2.27,0.285714286,7
15ead3a5037a918ddb520dfe39a3d2b9,-5.682857143,0.285714286,7
13074f016982ff2bd6c58ced8682f000,-7.416428571,0.285714286,14
054694fa03fe82cec4b7551487331d74,-1.37,0.285714286,21
822bad9bc42b51213ba522fe87b7ab5d,-3.775,0.277777778,18
eb4df17aed01d918c65f0f8d650900c0,-9.678181818,0.272727273,11
e504a4e2efaa45cbff7e268a2c58c956,-6.527272727,0.272727273,11
d32e3909cfb714fb2a6cb092c85b9c5f,-9.829090909,0.272727273,11
91f0eec23d4a61d7d7caeefa3f0ad1ca,-4.982727273,0.272727273,11
656591be56071d4c9ef4e5fee78a578a,-4.954545455,0.272727273,11
2e1a7d075abe038c1b2743005fe42ff1,-5.369090909,0.272727273,22
66e0557ecc2b4dbea057e93f215f68d8,-8.132333333,0.266666667,30
3a1a1fec38dd360f15fc912e821e169d,-4.501333333,0.266666667,15
2953ce3a88f5e3c3b696d77fc9e4c8eb,-4.11,0.266666667,15
a44fb5a447105f8469bdf16bf9159f25,-6.289473684,0.263157895,19
71039d19d4303bf9054d69e9a9236699,-6.550263158,0.263157895,38
6039e27294dc75811c0d8a39069f52c0,-6.373513514,0.256756757,74
ff69aa92bb6b1bf9b8b7a51c2ed9cf8b,-8.4305,0.25,20
f22a247b79dd22ecd91dc8e3b2a1b07c,2.46375,0.25,8
ef990a83bbea832f36ebe81376335aa8,-7.805454545,0.25,44
ecccfa2bb93b34a3bf033cc5d1dcdc69,-13.074375,0.25,16
e9729944ba65dc3ce425e0c5a22ae7b2,-23.0475,0.25,4
e5f9e61ceb5f523cc966e0f34095032f,-5.8675,0.25,4
e5d4b2b0c3bca22085f7a19a28de0c42,-10.8225,0.25,4
e3dd723429d1b23614b7fa85e2c7a853,-6.4475,0.25,8
c1f12f926d0ba950578b4fa41115cbb6,4.605,0.25,4
bd4ff04377f974574f7f0bf9d6ce7dde,-23.035,0.25,4
b98b715fe9e276204e2a3464f48cd796,-22.4475,0.25,4
b43d8b707f887a30f4675391098354a0,-10.24,0.25,4
aeb36d67f1414f234d42a29e27cf1f17,-2.22,0.25,4
a56e351445e5863fc8960640ba9190c7,-7.7825,0.25,4
a49928bcdf77c55c6d6e05e09a9b4ca5,-3.812596154,0.25,104
a13aaf2d2886ab9fb30fb9a920160b8f,-5.9275,0.25,4
9bc484c87d79cd4874e05ca182658045,-4.37125,0.25,8
9853a239ab7b7ebbdc3a21248d5b8e1f,-12.6975,0.25,4
9485a23c0430ba1d58d359391606fce6,-7.3575,0.25,4
7a91bf945c6fae0779f1c61ce97fe45c,16.89,0.25,4
74636e24f01da9268b0ed88dacd8513e,-4.0425,0.25,4
6e4a902d1054e4e17aa6eab87fac1c75,-4.48875,0.25,8
59cd88080b93f3c18508673122d26169,-7.635,0.25,12
579891617139df7d8671d373f0669622,-10.105,0.25,8
52a50b42accf164f9f019941e5759d9b,-2.675,0.25,4
4091f77d8c768fc3e81c20761471761d,-4.735,0.25,8
2bf28e311bba65237358230cabac3f15,-9.5775,0.25,8
2b5ed0c9139dae8883a200dfcb272ece,-4.5325,0.25,4
1d1bbb8ac1581824986f582583fff01d,-4.9725,0.25,4
0f0c984a4a955310903b6b6008660bad,-9.2775,0.25,4
0aea4c6ae1505b3228ddf3dd7822ee5b,-5.9425,0.25,8
09883d9ab71c8fe8a9bfc7fc3075b07e,-4.4875,0.25,4
08061dc0fc165ed41288cc7acde738ee,-0.4675,0.25,4
0692610d8abe24f287e9fae90ea0bbee,-5.4375,0.25,4
602044f2c16190c2c6e45eb35c2e21cb,-7.431818182,0.236363636,55
beadbee30901a7f61d031b6b686095ad,-8.952058824,0.235294118,68
b5e3e38609125694d2ea2417522a60b7,-7.108823529,0.235294118,17
a066df7361163e7ddc5d7452dd17448b,-7.526470588,0.235294118,17
5b0cc932433fa5184b5b94bfe6bcc256,-8.084705882,0.235294118,17
53d00c40e32aeb924a84ce72b1af869d,-6.742352941,0.235294118,17
06a2c3af7b3aee5d69171b0e14f0ee87,-10.54935323,0.233830846,402
cac4c8e7b1ca6252d8f20b2fc1a2e4af,-4.327195122,0.231707317,82
ea566164622c6b439516ab18062c42cd,-7.092692308,0.230769231,52
8378eb36b6b70c5734e83ad7b8cdc3b7,-10.52769231,0.230769231,13
5abb8ea023c77787f2c15da891c8d384,-6.48,0.230769231,13
36890be00bbfc1cdb9a4a38a6af05a69,-10.89615385,0.230769231,13
1dfe5347016252a7884b694d4f10f5c4,-6.984230769,0.230769231,26
99a54764c341d5dc80b4a8fac4eba3fb,-9.463939394,0.227272727,66
bbad7e518d7af88a0897397ffdca1979,-6.34047619,0.226190476,84
6ec1a01e866584bb679eb9b098345919,-4.351290323,0.225806452,31
f35b3c613c4f7b2275f4185d0a3c59ec,-7.367777778,0.222222222,9
f08a5b9dd6767129688d001acafc21e5,-7.761666667,0.222222222,18
b248792ac0b60ec3f93d80af1b4fae47,-7.286666667,0.222222222,9
9449f25aeaf531019b76999ea49a6949,-6.871111111,0.222222222,9
85cc55e048b6bcc90c75afe7f0e72f72,-8.595555556,0.222222222,9
81336a0f57a33776419727a300249e90,-7.413333333,0.222222222,18
5eeb9c756d9780b96283e5a2ac6da334,-8.5,0.222222222,9
5ee7fd217d08dfe5d3e2f51f96a12c9a,-7.713333333,0.222222222,9
4e8dacf3d38f281ae26c3e0321d92d88,-12.01666667,0.222222222,9
3d4824f20035949c710eaf111f869d39,-16.19111111,0.222222222,9
1976a05ecf2996d6ffb7b5430e635fe7,-7.413333333,0.222222222,9
2a261b5b644fa05f4f2700eb93544f2c,-8.397560976,0.219512195,82
b64d51f0435e884e8de603b1655155ae,-8.916086957,0.217391304,23
f63d8f293af3a6454377546bd9dd19ff,-9.040357143,0.214285714,28
28f10b1c5e5abb9d4857745bede6147c,-5.966071429,0.214285714,28
712e6ed8aa4aa1fa65dab41fed5737e4,-9.105058824,0.211764706,85
9f50216bfd01913736a55a11b55ea842,-7.004736842,0.210526316,19
cfe94489ddd337d1e29e12f2a7205d10,-6.18375,0.208333333,24
ec4608a1f76453166bb312b2968aeaf4,-6.662413793,0.206896552,29
d13e50eaa47b4cbe9eb81465865d8cfc,-4.157794118,0.205882353,68
c60b801f2d52c7f7f91de00870882a75,-9.963846154,0.205128205,39
cd68562d3f44870c08922d380acae552,-6.849224806,0.201550388,129
fdaaf5bfda82b7b80535610c831b8d09,-10.11933333,0.2,15
f92d8c817434bd2d84d4e9c61322b7fa,-8.432,0.2,5
f8201cab383e484733266d1906e2fdfa,-10.939,0.2,10
f783a638e9c6af4a7d0dbfde811e7a81,-3.528,0.2,5
f1b93673502375d491780bb49d615dbc,-5.786,0.2,10
d79e8478eed9999493990b44955fb22e,-9.224,0.2,5
cf1313c6e2c01c2f4b014f97db4bcd2b,-10.658,0.2,5
ca4b77513ac2040591b0d8fae6958380,-2.376666667,0.2,15
c878515173c84a492ebe50d6b493230b,-12.6,0.2,10
be8e909810184b9b19e886129149d8e5,-6.697333333,0.2,15
bdb3edbaee43a761e2d4f258dc08f348,-10.42,0.2,5
bce6a5ecf98e99fd2a8868b15c51f04b,-7.764,0.2,15
bca9230d3bbb4efa51872bf605a2f1ad,-4.222,0.2,5
b566ab0ef88016e00422755e305103c6,-8.09,0.2,5
b4b447d715f9ab302a188fb43d3e96b3,-5.816,0.2,5
a13580f0e8f782b7a543885a0ef99f08,-7.81,0.2,10
9b522ba7eae9e1d04082f267144583cc,12.956,0.2,5
8e34331b7eedd03be4e5d965c1956225,-7.078,0.2,5
8b655f0855926bcb49f5835d38dfddf6,-4.972,0.2,5
851773c885feb5e2da3b4f82bc2b17ce,-7.793,0.2,10
83353a83fd769dfafa4f21a72b15e3e5,-8.098,0.2,5
7b8e8ec35bad4b0ef7e3963650b0a87b,0.102,0.2,5
7b7ed56ae755e2880f2b69632e839c1e,-4.336,0.2,5
76c47a299e4a8fe992316a85865acbe9,-6.409,0.2,10
741f8c587cb4248ebc5b779a0e8e0e51,-7.06,0.2,5
717b78b0950b51ed00b1471d858b0edc,-2.43,0.2,5
6f1a1263039c76e68f40a8e536b1da6a,7.202,0.2,5
6bd69102ab48df500790a8cecfc285c2,-3.018,0.2,5
6bd503a8230299c9316fb0f726933927,-5.986,0.2,5
5236605f4d4b0b3e4df85b850393fca0,-5.194,0.2,5
4dc646b9b9e8e411ef48ba000ea3ac6f,-6.872,0.2,5
4b1eaadf791bdbbad8c4a35b65236d52,-15.234,0.2,5
46ef1a25845fc051c2998d878354810c,-3.948,0.2,5
4170f6a9367e6b5d6401d03ce6d54569,-1.558,0.2,5
411f3b52d857390502ee4e4d5ceabc2d,-6.259,0.2,30
406740ee611378a662d274c7d8c43c4a,-5.77,0.2,10
3a3e46d10f74d8a6ca76e2b538f106a0,-20.092,0.2,5
3903c788ded8dc03b5ebab37a2f3e9a1,-4.872,0.2,5
2aa3443d7bf9d9bb11133f420d75e083,-8.218,0.2,10
1d2732ef8321502ee8488e8bed1ab8cd,-6.032,0.2,5
167fd940acebc789debd6eb418c46e38,-8.022,0.2,5
039e6ad9dae79614493083e241147386,-11.414,0.2,5
1ca7077d890b907f89be8c954a02686a,-6.155748031,0.196850394,127
88460e8ebdecbfecb5f9601833981930,-10.28853333,0.196666667,300
3fd1e727ba94cfe122d165e176ce7967,-8.111666667,0.194444444,36
0725b8c0f3f906e58f70cbe76b7c748c,-14.91638889,0.194444444,36
0bf0150d5b9d60d9cd2906003332f085,-6.529032258,0.193548387,62
5bc55dbe2f12b6af6d83ed46023e0dc8,-8.940952381,0.19047619,21
5011f0d93373a4c5753adf58ca77af8d,-3.387619048,0.19047619,21
0d85bbda9889ce1f7e63778d24f346eb,-9.362413793,0.189655172,58
86bb7c4b535e49a541baf3266b1c95b1,-11.10375,0.1875,16
55bb6fe5bebe5012e2d7d9928e1128ff,-8.614375,0.1875,16
3fac58ce0ad699020c7944d53c41329c,-6.285,0.1875,16
e5a3438891c0bfdb9394643f95273d8e,-6.013805668,0.182186235,247
f593898ec748b7a8cb81fc04edafd98a,-13.37409091,0.181818182,22
d93919c944be9cff128f6c9cb899eacb,-7.337878788,0.181818182,33
d17f467e4bf608a510c20d82f4ba3b6b,-6.457272727,0.181818182,11
c7fdb77fdbff3c41981bc52f787e959e,-5.578181818,0.181818182,11
615005a3ef192c00c6f0e977cee3d2bc,-10.26454545,0.181818182,11
39c763cca83e654764b7a4a650fb9b7c,-6.157272727,0.181818182,11
1b7e5006cb25dd23ce8686691013b121,-5.683636364,0.181818182,11
0249d282d911d23cb8b869ab49c99f53,-7.533636364,0.181818182,11
8160255418d5aaa7dbdc9f4c64ebda44,-6.833396226,0.179245283,424
e0878efa0e0b7e5313ac0b43bc04c081,-10.49285714,0.178571429,28
d97df38225e5abadaff1e72cb72b823c,-8.616428571,0.178571429,28
834f8533b2ecb6598dd004ff3de7203a,-6.021111111,0.177777778,45
e3a386fc36e22064434e1fa256f6a9fa,-10.25882353,0.176470588,17
d20b021d3efdf267a402c402a48ea64b,-5.205392157,0.176470588,102
c679fb69a36e1d8349e8c50a217b4d58,-8.918823529,0.176470588,17
b17b679f4f5ce2e03ce6968c62648246,-10.77411765,0.176470588,51
9c068d10aca38e85c50202e17b4a7e88,-12.76235294,0.176470588,17
921323538c9f1c4e816f2720eac02bea,-8.618823529,0.176470588,17
768a86e36ad6aae3d03ee3c6433d61df,-8.172941176,0.176470588,17
11bfa66332777660bd0640ee84d47006,-8.108431373,0.176470588,102
f918546be4bec7104d117789ba758b2b,-9.57173913,0.173913043,23
2a61c271b1ac763450d846849783e922,-5.696086957,0.173913043,23
323ce52b5b81df2cd804b017b7f09aa7,-4.942413793,0.172413793,29
ec8879960bd2221d5c32f8e12f7da711,-7.953714286,0.171428571,35
2c9e548be18521d1c43cde1c582c6de8,-6.248830409,0.169590643,171
fe87f472055fbcf1d7e691c00b1560dc,-2.258333333,0.166666667,6
f419677537694f0462a91990df6ca44f,-5.465,0.166666667,6
edd066cd02126d7800f9b66e980e9931,-12.535,0.166666667,6
ec80e49e69745ab6c14f984bf2149423,-9.76,0.166666667,12
eba88037e1dca898cd02881f67ced679,-9.466666667,0.166666667,6
e99e927c81e3f51739c94fcdfca9f10f,-9.242916667,0.166666667,24
e7df4cd29ab5abab70fb0783ddb53987,-10.50958333,0.166666667,24
d6b664fa0667064c6d76394e7848d790,-14.69333333,0.166666667,6
cf8ab1616079e2793aa29d524df01bb1,-8.953333333,0.166666667,6
ccb83a794700270fde70898fe9ff368b,-9.273333333,0.166666667,12
cb5df0dcb9e280b1780e9d589889f2c7,-15.7725,0.166666667,12
bd15ee794d5e640d9dd71b665b2ab15b,-13.54,0.166666667,12
bc07d855eac23aab5ac8a120f21d16b2,-10.05166667,0.166666667,12
baa49d93c8c8841e27400a300f5d74b2,-9.198333333,0.166666667,6
b8630e1121437d41cb08e3c749c2c2e2,-8.846666667,0.166666667,12
b55638ad525e906c698fa2ce742c1742,-8.884166667,0.166666667,12
af7cdac9d9897cddead9c6b08976c642,-6.911666667,0.166666667,6
acadd4d36859671cb635527c6c977533,-6.39,0.166666667,12
a64e44665225d19dfc0277eeeaaccc57,-6.176666667,0.166666667,6
a63bfbaa882c8f4542891b4e2246cc7f,-9.608333333,0.166666667,6
9d489893ff6af05029671b785f54b998,-12.46833333,0.166666667,6
8ca1551acf9832a4cf467bbbac15851f,-10.265,0.166666667,12
891071be6ba827b591264c90c2ae8a63,-10.86144444,0.166666667,90
863d2ebcd347ce4922de7a0f9a5581d6,-9.922777778,0.166666667,18
850913d59ce317156b00f3705f1c3edb,-6.636,0.166666667,30
80f2cf9abf6b5a0e5c612b5eea6646e6,-8.12,0.166666667,6
7f40d06aa0b5f1aa4f41af8c0480e2ef,-9.496666667,0.166666667,6
78744a20ee2f80ba64f6804c25def2b8,-6.92,0.166666667,6
72146da5774cabf2632faedcae097a76,-3.741666667,0.166666667,6
71271995e85f5b8530be99ed54a91b89,-6.04,0.166666667,6
70849ca4f400aaabb62cb7462a6f1428,-10.22083333,0.166666667,12
6bb0724edf0b62fb91ac404873a97241,-9.721111111,0.166666667,18
6973a06f484aacf400ece213dbf3d946,-6.7475,0.166666667,108
5d378b73ab7dd6f0418d743e5dcb0bd1,3.538333333,0.166666667,6
50770d25768b0486d89be26afca3108f,-6.08,0.166666667,6
457fe919b032a3f7dadba6fb92cf7855,-6.174166667,0.166666667,12
3dfd3dc96f7f8598eca74e9ac8a2fa31,-9.631666667,0.166666667,6
3afc536624bc2e65bddfb5db33cc01f3,-8.925,0.166666667,6
38874e327ce94d11390b96eb42d61928,-10.99833333,0.166666667,6
3771c85bac139d2344864ede5d9341e3,-7.643333333,0.166666667,30
2dcf93836ae3ce0d7c93e2f10876467a,-8.47,0.166666667,12
28ea411b354f14b1a494be4e79f0ce02,-10.84166667,0.166666667,6
14ee35374a7876217954b5fa08e50463,-7.12,0.166666667,6
13511db12ac61e2f89c53b72a944a60b,-12.18333333,0.166666667,6
0e44d110fa6a54e121cb2c095a77762f,-6.673333333,0.166666667,6
002100f778ceb8431b7a1020ff7ab48f,-7.394814815,0.166666667,54
f7ba60f8c3f99e7ee4042fdef03b70c4,-8.449912664,0.165938865,229
abe42c5d03695b4257b5c6cbf4e6784e,-8.628367347,0.163265306,49
3c03b12bab54d8b37d79d914bfdb1aa0,-8.117906977,0.162790698,43
dd55f1bb788714a40e7954c3be6df745,-8.834324324,0.162162162,37
adcf50477d6a1f5d91bb9d54c4903cb5,-11.69967742,0.161290323,31
56642bcb79900e777d68e91915cb4267,-10.29214286,0.160714286,56
b74d1c09cb380e1d03a6f859c6f4224b,-11.13710526,0.157894737,38
89bc797e2e29667aa035d4368f9b7f92,-20.28473684,0.157894737,19
7bac63f6603d382cc8d0832eb6c100a8,-4.764210526,0.157894737,19
67883baaae6134ee81b271a542613728,-5.405789474,0.157894737,19
179d859f51292aac5c10806a356f7af9,-9.133684211,0.157894737,19
099095b050cfe8eb1ddff5317587e96e,-10.53631579,0.157894737,19
06579cb253ecd5a3a12a9e6eb6bf8f47,-8.378571429,0.157142857,70
a6fe7de3d16f6149ffe280349a8535a0,-8.781568627,0.156862745,51
8931a84a914b3fe9b1ddaa4d704947ca,-8.265625,0.15625,32
e62b2d6ac10570a035a30bafcf01d263,-8.483380282,0.154929577,71
ba143b05f0110f0dc71ad71b4466ce92,-7.766309524,0.154761905,84
b3b17aab11f273023a5f22ca52e1eb70,-7.896153846,0.153846154,13
8b9d6eec4a7eb7d0f9d579ce0b38324d,-10.07057692,0.153846154,52
7c4618c82226628831613e95e9c22f44,-7.110769231,0.153846154,13
562f8cfc51f265411f487d07e9c40e7f,-7.185384615,0.153846154,13
439a47cc365d6e3bd526812ea9de3c29,-11.88307692,0.153846154,13
3f3486b61f45078d4f31ee5e43d8c5bb,-9.598717949,0.153846154,39
15aac934c58d886785ac1b17953ea898,-6.839230769,0.153846154,26
13f57c12a00ed4610db646b913a7f5c6,-7.976153846,0.153846154,13
431af27f296bc6519d890aa5a05fdb11,-6.826290323,0.153225806,124
903037660cf848a717166eb7a06d616e,-16.28610169,0.152542373,59
adbc26658d6c7b4b6219f9d934598091,-7.626521739,0.152173913,92
cac876b37d3abcd6bd76caca30277996,-14.07818182,0.151515152,33
cee48807215b30a12ca2ca10ffb5f250,-12.42775,0.15,40
5b8154610ebb21fb90eb587365e673df,-8.56525,0.15,40
08d2d642cf72b622b14dde1d2f5eb2f5,-10.766,0.15,20
05f51e13da97139648b8125c31e5f51b,-9.171166667,0.15,60
75d34ebb1bd0bd7dde40dd507b8169c3,-16.22343284,0.149253731,67
a888faf2d1baececa6baf9c3d603ee1f,-10.07444444,0.148148148,54
8d79c8a04e42d722a75097ce5cbcf2ef,-11.23851852,0.148148148,27
7901646fdd36a55f564ffaf2dbccaaf7,-10.05666667,0.148148148,27
3b872fd4747f01cc56206f2934198618,-8.39037037,0.148148148,27
244c2f1bff6afe1f2eaf9bfe9b2aed38,-7.770740741,0.148148148,27
dd7ddc04e1b6c2c614352b383efe2d36,-7.393943662,0.147887324,142
b561927807645834b59ef0d16ba55a24,-8.056315789,0.147368421,95
b2479f944e1b90cf8a5de1bbfde284d6,-7.847364341,0.147286822,129
e96498ed8daaa3e9c23f7a62da76591c,-9.550882353,0.147058824,34
2089a6d640999f9b9141ac719b2af596,-10.75073171,0.146341463,41
b18dc380845b24038cfc48006478f099,-10.30291667,0.145833333,48
432c37c9dfba871172ec162e20118b8c,-10.64127273,0.145454545,55
8f2ce03f928b567e3d56181ae20ae952,-8.994244186,0.145348837,172
ffeee66ac5d5a62fe688b9d26f83f534,-7.662142857,0.142857143,14
ff1fb4c404b2efe68b03350a8dc24122,-7.980816327,0.142857143,49
fe26f3ecb51a15e6d8335cd92da42562,-9.704285714,0.142857143,7
fa3a0b5aabb344b9a92e3524b0202123,-13.88571429,0.142857143,7
f44bdc12aa39f5271f0b95f66cd4c289,-5.788571429,0.142857143,7
f08c008c8a8d31417763738a1788a2a8,-6.053333333,0.142857143,21
e8a85b5f3df47be0984c55fd4064dbb4,-4.720714286,0.142857143,14
e4ebd3f87bf70440014f07ddda7fbe03,-7.608571429,0.142857143,7
e45edf75f568ed2f93f78d060e246e25,-8.251428571,0.142857143,7
d93844a9c55ba7ce353388bcf849ea56,-8.802142857,0.142857143,14
c8660dcf9ba70575f45d80fe28c27713,-11.33142857,0.142857143,7
ba6ce6de456f6c11d08c17701ba5c26f,-3.68,0.142857143,7
ac6417315ae5da8f9a38ee11de6f7780,-12.86571429,0.142857143,7
a254c682cc01e119f83530446f1df9a9,-9.535714286,0.142857143,7
a1474fd46fd3430168f7ec202da39408,-11.365,0.142857143,14
9cad4b68bb993ee401a3c5aaa2bc26dd,-8.854285714,0.142857143,7
9a03a4e9eb0b947652fae4f6121a3f5e,-13.84142857,0.142857143,7
87e24fc7052259b1f7f607d61c10d8be,-11.35571429,0.142857143,7
7d7d2b7a51328016102d4528c411d630,-8.437142857,0.142857143,7
79a679c36c08d606b3fd47ead9de109b,-6.158571429,0.142857143,7
78a4d36f65a019172c6154468831a69f,-10.76571429,0.142857143,7
6f229cc508fc6915ed5c499efd93baa4,-8.36,0.142857143,14
5b07547f10dd980738a1a27f685af669,-4.93,0.142857143,14
5a413ade68e8f8d93071a7f52a64cb9e,-3.934285714,0.142857143,14
52f0fe436a347ddad7ed5f9aa4e27eaa,-6.678571429,0.142857143,21
51ed72984a04e5dd35c2b27e77179038,-8.995714286,0.142857143,7
4aba391bc3b88717ce08eb11e44937b2,-12.56571429,0.142857143,28
45213867cefbf2cd4c6177e10216a951,-12.64071429,0.142857143,14
3f2af2670e104d1bcb54022274daeac5,-18.92428571,0.142857143,7
35fb511489d9ee3ee27a76debce9df06,-9.935714286,0.142857143,7
2e7ea2aafec5835e781b21d6d1faf1f1,-4.55,0.142857143,7
2b03ac196f5ed62ac483960fe0fa3b65,-8.814285714,0.142857143,7
2156f2671501a81034d7d07f217609d0,-5.811428571,0.142857143,21
20a8b0dc55da94fe74d112082427c84f,-3.848571429,0.142857143,7
0ffa40d54288e4f3499b8780dd0f144f,-11.45142857,0.142857143,35
0ed6ce5d87fd9c69eaacaeb778d67235,-12.07547619,0.142857143,42
2eb70248d66e0e3ef83659f71b244378,-9.404771574,0.14213198,197
c31eff8334d6b3047ed34bebd4d62c36,-9.514297521,0.140495868,121
048c2757535328e0d7dac690ad3c0aae,-9.2868,0.14,50
900ba814c251a692506d7834c1218441,-7.884302326,0.139534884,86
2d50d6282f8aa2257819a77bfaa0efe0,-9.635116279,0.139534884,43
23613d49c3ac2bd302259e55c06c050c,-10.63810127,0.139240506,79
855668e0971d4dfd7bef1b6a4133b41b,-8.330160772,0.138263666,311
fffd5413c0700ac820c7069d66d98c89,-10.63172414,0.137931034,58
7ecd59e5e20407131822c1a68ac59c1f,-11.09068966,0.137931034,29
57c764b4a836300be881e2ff86e449f9,-8.786896552,0.137931034,29
7b1222c3624aa89b9558b50a2594188c,-12.32727273,0.136363636,22
643214e62b870443ccbe55ab29a4dccf,-10.00787879,0.136363636,66
3d5d0dc7073a299e31fa718ce1bc00b6,-12.40272727,0.136363636,22
13d058e4eeac2ce8217660b2f8a05812,-9.519090909,0.136363636,22
7e1fb0a3ebfb01ffb3a7dae98bf3238d,-10.1216568,0.136094675,169
d3f39f05462b79a4562d35893a28f159,-11.59891892,0.135135135,37
7aa4334be125fcdd2ba64b3180029f14,-8.848481013,0.135021097,237
f3da5b2ff499efb8d4a6d371d175d7dd,-7.490243902,0.134146341,82
a6bd7d1ccdac48c6b33b28596b7eb122,-15.61866667,0.133333333,15
989becdce12ebc39863c2bceab6f3ca1,-14.92,0.133333333,15
8b8cfc8305aa441e4239358c9f6f2485,-15.41666667,0.133333333,15
820cc752a266cdc6c1a1e61dd4583330,-11.03933333,0.133333333,15
655220df33262c7e0c4949a147366f94,-7.776666667,0.133333333,15
3ade81dab5a172b88e1871c28ae05260,-9.797,0.133333333,30
238fac594e170b59c6d228f5a4f4f1d9,-9.473333333,0.133333333,30
1eade46fba20122dc4aefb379f8c636b,-6.886266667,0.133333333,75
1a932caad4f9d804097d7f8e615baed1,-11.363,0.133333333,30
014c0679dd340a0e338872e7ec85666a,-11.05066667,0.133333333,15
8b28d096634035667e8263d57ba3368c,-9.59192053,0.132450331,151
b33e7c55446eabf8fe1a42d037ac7d6d,-10.59894737,0.131578947,152
14d7985702e72162bbf13b6beb74ab2b,-7.978684211,0.131578947,38
070d165398b553f3b4b851c216b8a358,-8.427894737,0.131578947,38
4c8b8048e33af2bf94f2eb547746a916,-3.305652174,0.130434783,23
440dd6ab244315c632130ecfb63827b1,-10.67902174,0.130434783,92
406822777a0b9eb5c50e442dd4cd3ec5,-9.841956522,0.130434783,46
082e0bf4cb865a6533b1e8e498cc0255,-17.01434783,0.130434783,23
5058e8c1e82653974541e83690655b4a,-15.68363636,0.12987013,77
e2aee0892199b1d92530e371abd825bf,-12.66717949,0.128205128,39
78c99c6dff4eeae5be99bf635ed21e3f,-9.664102564,0.128205128,39
59b22a78efb79a4797979612b885db36,-9.587669173,0.127819549,133
7ad32824caee82087b3e2e5f33b1bf32,-9.851444444,0.127777778,180
4c498c7345e89aebad651544829beca0,-8.484042553,0.127659574,47
e9bc59e7b60fc3063eb2290deda4cced,-13.28638462,0.126923077,260
f62d7bb4a613ec758a03342d46b580b2,-9.0184375,0.125,32
e83c76265fc54bf41eac728805e4da77,10.75625,0.125,8
e38db885400cd35c71dfd162f2c1dbcf,-11.851875,0.125,32
d5c530f4884a75ae0dba9c148718d278,-13.3975,0.125,8
c794dab4928dd97beb41d05514441e86,-6.709375,0.125,16
c6218512d16fcac0af02fe92691cf274,-11.415,0.125,8
c5e60e39c0f42b8e827daa13cff74afa,-6.01,0.125,8
c4fb51fb1c5b7c07bc5e67be6e7e8f6e,-10.466875,0.125,16
c35affa65afd250151285c5917fc1c8a,-6.2725,0.125,8
bbaff50f3b708fda865918715276cd87,-6.903125,0.125,16
ba6b4a237f92479743cf0ca06b67a9ac,-4.5025,0.125,8
a4b6b9b992b46e9ef863637af96e04bc,-10.635,0.125,8
a416b6a846a11724393025641d4edd5e,-9.907443182,0.125,176
a2b5b6105ea5942300631d2e76f4ffe0,-7.385,0.125,16
9c7fd21e0aa159b20da593371f08ff7c,-10.17375,0.125,8
9906e7aa42a3c067b7c9a564d01c4320,-10.875,0.125,16
977f9f63dd360c2a32ece2f93ad6d306,-10.1275,0.125,24
94b9108d4b637ba65bb4f1e53cfcf8d8,-2.53875,0.125,8
8f580d36c1e9d6fbce95283403c7d447,-9.65125,0.125,8
7ecef8194babfec876ca720714327841,-7.675,0.125,8
7bcd7c5f8631701474db233ccf1c094b,-11.90625,0.125,8
7139dc5186aa238b006e066d8fbab2e4,-10.58541667,0.125,24
6861de0f40cacb0602e473c51639f980,-19.4775,0.125,8
681fce914360217db47784ae28905a96,-12.50708333,0.125,24
67225bff54a172ff67579aaf583efd78,-10.5725,0.125,8
5e105f5c9f63f5f1fd75d6cb942e55b1,-6.105,0.125,8
577719699805dd125d5b6fdde5943bba,-15.56625,0.125,8
4ef4c39cf3c24f326434cf0b2e48046a,-4.53625,0.125,8
39d54ff918774174706fb065d7f9dc07,-11.60875,0.125,24
37dd29b36c458d82f74a953c40c43645,-9.09625,0.125,8
2f09f7d37a97956d11cc1a7cadd5262b,-9.3025,0.125,8
2d2c62bef4c8ba0dd74e0e228e808539,-8.58125,0.125,16
282c7480173bb9c01dd41cc739fec010,-15.5225,0.125,8
27a56ff04b34c2ba34ce6ba4d3b9d616,-9.3275,0.125,8
23a0ffca143a15b9b5bbdb7d552f626a,-10.72125,0.125,24
1dd33b8119b3cb1056ed5dc88cd0aaf4,-15.00375,0.125,8
1da366cade6d8276e7d8beea7af5d4bf,-7.856875,0.125,48
165fc07beebdcb6190fba8a06db2a449,-10.35046875,0.125,64
15fa791d5e017f66402dc28c44480657,-7.88375,0.125,8
11305281b50fff20ae8bb473f8e11876,-12.0375,0.125,40
081acf3de680d554796c9cf041be7bc2,-17.37125,0.125,8
04fdea0c111866e6cf812f1570d6b5bd,-9.53375,0.125,8
04e38a233f726ef161074ab1c9b0399a,-5.193333333,0.125,24
2e90cb1677d35cfe24eef47d441b7c87,-10.05437956,0.124087591,137
8e6d7754bc7e0f22c96d255ebda59eba,-5.620155039,0.124031008,129
c8467937e403e76a8ee9f0ab13f6f5ef,-8.79030303,0.121212121,33
897060da8b9a21f655304d50fd935913,-9.000266344,0.121065375,413
f84fa566034f5e8e880a07ec624c56af,-7.5383,0.12,100
e89c4adbe7b1d0819dbb636e16461cf1,-9.7988,0.12,25
a36b125ac6d5fdbc7f50de85c9157bdc,-9.9032,0.12,25
198c7ea11960a9844b544d9bcdca860c,-10.2028,0.12,25
7d13fca15225358621be4086e1eb0964,-10.2923993,0.119089317,571
3361277dc30b7cccdb0c286b24219756,-14.3752381,0.119047619,42
3df020b72d3d44b3af9d110fa3940b65,-10.18405941,0.118811881,101
7681ef142fd2c19048da7430856b5588,-8.777368421,0.118421053,76
7e3f87d16fb353f408d467e74fbd8014,-9.768387097,0.11827957,93
e48cc16ab70bfa09e1401740dce0b3d7,-9.585294118,0.117647059,17
d5ba419e26d246a0719437cf37d9b46d,-8.410588235,0.117647059,34
d1ef48b38baca7e831711c4a0aeb398f,-14.82294118,0.117647059,34
b33aaadd1a8891d2dfef0c4c3bdf0371,-8.611176471,0.117647059,17
afa6714acee029b2dfdf357e5579cc03,-13.13176471,0.117647059,17
ad97a199236354e53fcd91a5a913e9a2,-9.700588235,0.117647059,17
610f72e407cdd7caaa2f8167b0163fd8,-9.243529412,0.117647059,17
3935fe5fe0f82787a9dcb8deb62be09d,-9.852352941,0.117647059,17
392e0502231ae2f8b29994ef6398cd77,-7.351176471,0.117647059,17
218f991754f360af9c2daa5e0b8e990c,-6.675294118,0.117647059,17
04aa0a1c5ce6b222003403a3e11c3cc0,-15.89705882,0.117647059,17
34056b8b55c1775a22af2331670a799c,-10.19857143,0.116883117,77
0b35c634521043bf4b47e21547b99ab5,-14.14909091,0.116883117,77
dd533b429f380718b70ad9922c294bae,-8.586976744,0.11627907,43
972d0f9cf61b499a4812cf0bfa3ad3c4,-9.042674419,0.11627907,86
4869f7a5dfa277a7dca6462dcf3b52b2,-10.45318815,0.115853659,1148
b1fc4f64df5a0e8b6913ab38803c57a9,-9.03677686,0.115702479,121
77530e9772f57a62c906e1c21538ab82,-10.19761155,0.115485564,381
77a515caa36327151d1cc6c32a9f00e1,-10.09269231,0.115384615,26
23d7c96d4a1160db1c726b248601b25a,-10.24634615,0.115384615,52
c9c7905cffc4ef9ff9f113554423e671,-9.367410072,0.115107914,139
f46490624488d3ff7ce78613913a7711,-8.451724138,0.114942529,87
d9bd94811c3338dceb4181f3dbc0c73e,-7.851311475,0.114754098,61
318f287a62ab7ac10b703ac37435a231,-8.813278689,0.114754098,61
b14db04aa7881970e83ffa9426897925,-9.794571429,0.114285714,105
a673821011d0cec28146ea42f5ab767f,-8.721914894,0.113475177,141
3db66a856d18a9cba7c9241fc5221c50,-11.20474227,0.113402062,97
c3867b4666c7d76867627c2f7fb22e21,-9.218589212,0.112033195,241
f9ec7093df3a7b346b7bcf7864069ca3,-6.97,0.111111111,9
f5f2ab9bdb6b30c14c61be68c5ed37da,-14.27611111,0.111111111,18
ea00f977a203ff88adf7057cb7806998,-5.532222222,0.111111111,18
e8dba4d70f7f2b20e775d09cae01142d,-9.882222222,0.111111111,9
e81e1f9c3e762e620f3fb60a51499e16,-13.04277778,0.111111111,18
e5e33c0d8e7e002f398f5dc4cbbb338f,-14.16703704,0.111111111,27
daf565f087a52def0fd5c5825b3661bc,-16.85555556,0.111111111,9
d1582f4043306e6b91afa6a8a884f898,-13.76111111,0.111111111,9
c500367424994318b9e779ff1ae9a330,-11.39888889,0.111111111,9
c24173065483e421f9e5e7f599de101d,-5.346666667,0.111111111,9
c0098efcf800861dcae589affca31408,-10.26222222,0.111111111,9
bafc5aa11e413978be29040f51342e70,-11.48444444,0.111111111,9
a1bea7061f61f6fdd9a85a6325ba1033,-5.353333333,0.111111111,9
8bdd8e3fd58bafa48af76b2c5fd71974,-11.40111111,0.111111111,9
8b2492b7ff4468839593fafeed55bad9,-5.752222222,0.111111111,45
8a9260f2b0340411d6d2a56bcf4f7378,-9.401111111,0.111111111,9
81783131d2a97c8d44d406a4be81b5d9,-10.75777778,0.111111111,9
7813ea3ebd9411dc600b4dd01f7a97b9,-9.241111111,0.111111111,9
7586919161935337bf6b6d7ff5779648,-6.098888889,0.111111111,18
6eb94e1466490d327a09abf8f3552a50,-9.804444444,0.111111111,9
3492e68f37fd1df87f4f2f2ea247f445,-7.265555556,0.111111111,9
2646baaf662d4d92ac48f047e35db92d,-10.89888889,0.111111111,18
1dc2de47ee26a0a5b12dc14fd6dc0dea,-8.221481481,0.111111111,27
1cbd50a8c52e6cf8e315c5709fab386f,-12.06111111,0.111111111,9
07de60b03d150fb3ea09eab5da5e4c8b,-11.92777778,0.111111111,9
03a2a6dcbe45d639c4dc2a0d24769c40,-11.99333333,0.111111111,9
213b25e6f54661939f11710a6fddb871,-10.33042105,0.110526316,190
b499c00f28f4b7069ff6550af8c1348a,-11.45489011,0.10989011,182
4a3ca9315b744ce9f8e9374361493884,-8.954633145,0.109799897,1949
7d76b645482be4a332374e8223836592,-8.594153005,0.109289617,183
db2956745b3a8e9f3785c99f34b5d25e,-11.17108696,0.108695652,46
aba1721a889e04decc910aa13b768ef4,-10.94445652,0.108695652,92
23c38debaffe4a25a30fdbd9b586a13f,-9.710652174,0.108695652,46
04308b1ee57b6625f47df1d56f00eedf,-10.88195652,0.108695652,92
16090f2ca825584b5a147ab24aa30c86,-8.938152709,0.108374384,406
70a12e78e608ac31179aea7f8422044b,-9.784551084,0.108359133,323
f181738b150df1f37cb0bd72e705b193,-9.299459459,0.108108108,37
4e17c65a516f69d023a2ae78b84f28d6,-20.09067568,0.108108108,74
1caf283236cd69af44cbc09a0a1e7d32,-10.68108108,0.108108108,37
8444e55c1f13cd5c179851e5ca5ebd00,-20.57862745,0.107843137,102
ce248b21cb2adc36282ede306b7660e5,-9.827076923,0.107692308,65
056b4ada5bbc2c50cc7842547dda6b51,-11.71646154,0.107692308,65
4e922959ae960d389249c378d1c939f5,-12.35047085,0.107623318,446
f12ff17ad8bbf01ec5c33b17e506649b,-9.836428571,0.107142857,28
edf96ef93ed595084bbcbd9224bd2894,-8.278214286,0.107142857,28
c0563dd588b775f2e37747ef6ad6c92c,-8.381785714,0.107142857,28
6fd52c528dcb38be2eea044946b811f8,-10.48511905,0.107142857,84
cfb1a033743668a192316f3c6d1d2671,-10.85486034,0.106145251,179
fd386aa7bed2af3c7035c65506c9b4a3,-8.938289474,0.105263158,76
ce69a8021d18961dd2a40269b7c2c293,-10.74789474,0.105263158,19
54c04bdb5ec46762f8f08c7e8f86ed4a,-9.916842105,0.105263158,19
1835b56ce799e6a4dc4eddc053f04066,-10.10168784,0.105263158,551
0176f73cc1195f367f7b32db1e5b3aa8,-8.081052632,0.105263158,38
99eaacc9e6046db1c82b163c5f84869f,-8.135522388,0.104477612,67
382229d1e840115ffe3dbf5ff460e417,-9.672291667,0.104166667,48
ea8482cd71df3c1969d7b9473ff13abc,-9.393661616,0.103535354,1188
6e386f64c84e482f0b9abf960797ee1b,-8.916206897,0.103448276,29
1f1bb1f0859883505541bdd6606193e5,-9.676551724,0.103448276,29
f84a00e60c73a49e7e851c9bdca3a5bb,-10.07938144,0.103092784,97
50c9975695009e5e6473912e83a6d1da,-8.050441176,0.102941176,68
8b321bb669392f5163d04c59e235e066,-9.298656716,0.102487562,1005
f27e33c6d29b5138fa9967bcd445b6d5,-9.982653061,0.102040816,98
fa1c13f2614d7b5c4749cbc52fecda94,-9.612867012,0.101899827,579
f5a590cf36251cf1162ea35bef76fe84,-10.34754237,0.101694915,118
522620dcb18a6b31cd7bdf73665113a9,-13.37966292,0.101123596,178
e9d99831abad74458942f21e16f33f92,-9.037718121,0.100671141,149
37515688008a7a40ac93e3b2e4ab203f,-7.350920502,0.10041841,239
fe701d88b67eaca109dffd464d1be9f9,-15.198,0.1,10
fe1bbc5feda5c8979a8a1b3b2512d5a6,-13.28,0.1,10
f5f46307a4d15880ca14fab4ad9dfc9b,-10.614,0.1,10
e8b4225284fbb02d16f200513f1f395d,-13.081,0.1,30
d7485b33791774c36108f8c69602d48d,-11.549,0.1,10
d71d863e5ef30d94e440c11be17dcd8f,-8.954,0.1,30
d3674f271c91f824f82d24d92011f669,-10.739,0.1,20
bb7a14e229b1c95156719c3d9552eeee,-9.812,0.1,10
b6dc74ed30f124f95227bed4e43a3bed,-10.562,0.1,10
b2ac621f0d0322434d04a12b078b9369,-10.949,0.1,30
b127efdabeffb5d559349c7b172eb75d,-19.307,0.1,10
9dd59e43f0c9f0553244e8f9c2fb247e,-12.911,0.1,10
9d39404483343dd55c7ae254494d8388,-10.85,0.1,10
8648b1e89e9b349e32d3741b30ec737e,-11.2352,0.1,100
7fdb0720c8d7c9075538b365dc8c3a22,-14.628,0.1,10
67bf6941ba2f1fa1d02c375766bc3e53,-9.503,0.1,20
6562efe88ce0826a4ca4f189f03b4b84,-11.4495,0.1,20
5b2e94f2c22b39ccc24d34ad0f669672,-12.11,0.1,10
56e361f411e38dcef17cdc2a3d99628b,-11.298,0.1,10
3dbbce181edfaa4a597ec858c382d2ec,-9.737,0.1,20
3968920b9aa752ab98f7d5888c9252f2,-12.794,0.1,10
31da954dc0855f2495c6310f70a2f931,-10.099,0.1,30
2d2322d842118867781fc737e96d59a1,-5.649,0.1,10
20cb7c2fde3e5bf10f0bbe7394e1c6a9,-12.1658,0.1,50
180c3376aff0e43dd5788709df48a843,-5.813,0.1,10
1782ce2db72c3dda627d5e7c898104e1,-1.237,0.1,10
1690cada046eb7e92c12f98b1f8a8167,-13.462,0.1,10
0cbcee27c791afa0cdcb08587a2013a8,-14.62975,0.1,40
06df0c10d34e459d9672bc77388742eb,-13.96333333,0.1,30
1900267e848ceeba8fa32d80c1a5f5a8,-9.399904398,0.099426386,523
42b729f859728f5079499127a9c2ef37,-6.545496183,0.099236641,131
54a1852d1b8f10312c55e906355666ee,-10.18707921,0.099009901,202
8581055ce74af1daba164fdbd55a40de,-8.521267606,0.098591549,426
0dd184061fb0eaa7ca37932c68ab91c5,-10.52051813,0.098445596,193
a3e9a2c700480d9bb01fba070ba80a0e,-9.476923077,0.097902098,143
527801b552d0077ffd170872eb49683b,-10.67891304,0.097826087,92
729f06993dac8e860d4f02d7088ca48a,-10.46884956,0.097345133,113
ececbfcff9804a2d6b40f589df8eef2b,-11.11805825,0.097087379,103
8d956fec2e4337affcb520f56fd8cbfd,-10.00823789,0.0969163,227
2bf6a2c1e71bbd29a4ad64e6d3c3629f,-14.04451613,0.096774194,31
634964b17796e64304cadf1ad3050fb7,-9.623003096,0.095975232,323
7c67e1448b00f6e969d365cea6b010ab,-10.83267159,0.095940959,1355
f7ccf836d21b2fb1de37564105216cc1,-8.329041096,0.095890411,73
4a3ccda38b2129705f3fb522db62ca31,-10.38890411,0.095890411,73
391fc6631aebcf3004804e51b40bcf1e,-11.02598347,0.095867769,605
ef2fbc2b607d8492bcffe657a4645434,-9.41,0.095238095,21
d673a59aac7a70d8b01e6902bf090a11,-11.41130952,0.095238095,84
c847e075301870dd144a116762eaff9a,-10.00642857,0.095238095,42
b494891378bd8f4560abe576c52deacd,-6.783809524,0.095238095,21
6b3bd31ad8fcda4b2635ec9f3ff2ecdf,-9.202380952,0.095238095,42
6b15924333bd1a741595fe981ea04822,-10.68428571,0.095238095,21
3340ef1913fb70d28420f6ceb685c339,-10.59619048,0.095238095,42
9c0e69c7bf2619675bbadf47b43f655a,-7.44845,0.095,200
620c87c171fb2a6dd6e8bb4dec959fc6,-13.18279129,0.09475032,781
1f50f920176fa81dab994f9023523100,-10.12559709,0.094496366,1926
f0b47fbbc6dee9aafe415a6e33051b3f,-12.01176471,0.094117647,85
1336efc61c316ddf92c899eb817f7cae,-10.51458824,0.094117647,85
cd6efc47efaabf134f8bdb654e10b4f1,-13.350625,0.09375,32
8e8a7ce9f2f970dc00e2acf6f6e199f6,-10.41609375,0.09375,64
7b0df942f46435babab05d49b744b2c4,-10.2328125,0.09375,32
2745f798279e0ed033addcc1474776d7,-9.985625,0.09375,32
f262cbc1c910c83959f849465454ddd3,-9.202401961,0.093137255,204
1d8dbc4f32378d715c717c1c1fc57bae,-11.29298969,0.092783505,97
1025f0e2d44d7041d6cf58b6550e0bfa,-10.38882394,0.092253521,1420
70c27847eca8195c983ed7e798c56743,-11.18489796,0.091836735,98
aac29b1b99776be73c3049939652091d,-11.04328244,0.091603053,131
f5f1f2c5f923f36ad79ea1d07185ddc9,-7.928181818,0.090909091,11
f4db9b37944bcb8873e6b456ee190bbf,-10.36454545,0.090909091,22
f125f3a310c2e5f822d116147de1e474,-9.434090909,0.090909091,22
eb3071b9f0b0ddaa2df5ea130f09f26b,-12.61909091,0.090909091,11
e819bcfade7b5d88a27325eb6cfd62c5,-6.434545455,0.090909091,11
de9727ca376d1be6ec121b110aa7954c,-18.44272727,0.090909091,11
cb6c9f5888a7a090c75beaf615925792,-10.41545455,0.090909091,11
c5f7feb04a6a1fb3596322bfc3cf1917,-7.964545455,0.090909091,11
c4fabeea6e569d42d02993bb1f4f1cbc,-4.543636364,0.090909091,11
bc47d5d1490df2b36add65d733eafaba,-11.135,0.090909091,22
bc302730ea8cf49b5c74f579febb5bbf,-9.247272727,0.090909091,11
b2c97074649f92197d9387d9033dda5f,-8.889090909,0.090909091,11
b16d3dadc47d4eb18be3d88bad0775ce,-21.58090909,0.090909091,11
9e6967d3cf386d284251784b18ccb485,-6.016363636,0.090909091,11
9df5750209b83567ec144eb299d7d634,-19.63636364,0.090909091,11
9dda5bbacd45e18d6485fee649205d09,-8.250454545,0.090909091,22
8e2b3afb420011ef0c88c9d5f11ea526,-10.06272727,0.090909091,11
87b740daf17b5d1be335a64164ec6842,-12.04090909,0.090909091,11
784ba75dd9d20200c4caed3d7a77141a,-8.376818182,0.090909091,22
6e0908ef4d4efadbc3cc2b74ea477cb0,-13.16272727,0.090909091,11
6ddc28b61be28373b4503a1f61cf98a9,-7.217272727,0.090909091,11
6b536a23086fba0d58c08d68814397f6,-10.72363636,0.090909091,22
68f86ba270525243e68ae74044f992b9,-13.07363636,0.090909091,11
688756f717c462a206ad854c5027a64a,-6.984444444,0.090909091,99
5a6a02f419701fc8c605af71d4fc57a4,-8.703636364,0.090909091,11
55f7a3319d80f7fdf078b8f03e6725fe,-5.734090909,0.090909091,22
5343d0649eca2a983820bfe93fc4d17e,-11.88909091,0.090909091,110
503c1de08ae81a2d86f17951b204db55,-11.22181818,0.090909091,22
4ba52dfeba874da5b9ee7b17c7494f04,-10.95363636,0.090909091,11
4677a5437afda5fa7140b927b07be1cc,-13.35181818,0.090909091,11
373ee4a3a775a733770ca3f790b8b9ac,-8.96,0.090909091,22
31ae0774c17fabd06ff707cc5bde005f,-11.69909091,0.090909091,11
236585a4ddb5fea9fa40233e2249ed91,-12.47363636,0.090909091,11
1ce3ae5a399804d1a87e706f8a813c3e,-15.56545455,0.090909091,44
1c40343cc5d18c2d8248ac2f3366de34,-11.30636364,0.090909091,22
17908cf9b444ee34047cadd5c0f4a516,-11.18636364,0.090909091,11
02f623a8eb246f3c5f7c2f96462654e6,-9.967954545,0.090909091,44
218d46b86c1881d022bce9c68a7d4b15,-11.04138095,0.09047619,420
c826c40d7b19f62a09e2d7c5e7295ee2,-9.174657534,0.090410959,365
4c2b230173bb36f9b240f2b8ac11786e,-7.911428571,0.090379009,343
6a8b085f816a1f75f92dbac6eb545f8f,-9.42406015,0.090225564,133
de23c3b98a88888289c6f5cc1209054a,-9.88752809,0.08988764,178
7040e82f899a04d1b434b795a43b4617,-9.708071749,0.089686099,223
c013e57c075a06e5b5c48ee03c525719,-10.87088889,0.088888889,45
e5a38146df062edaf55c38afa99e42dc,-9.928145161,0.088709677,124
93dc87703c046b603023e75222018b45,-10.56294118,0.088235294,34
6a0cbc8af2e8abd1bdfb777943d174c6,-8.182352941,0.088235294,34
5c6d4016c2a288f074fa0848a2b653d2,-9.480294118,0.088235294,34
d1c281d3ae149232351cd8c8cc885f0d,-10.84891213,0.087866109,239
d05ae8f7a5bd1d2a690a44cd079e4e27,-10.517625,0.0875,80
ef506c96320abeedfb894c34db06f478,-10.51933735,0.087349398,332
f615fe7efbef0f4f08fd3086bc7a3e60,-11.92782609,0.086956522,23
b18871c324516afa228a13e8f1ef0ae9,-10.05869565,0.086956522,23
a420f60ff1aa9acc80d0e42959f2b313,-12.11724638,0.086956522,69
951e8cef368f09bb3f3d03c00ca4702c,-10.11855072,0.086956522,69
7f2617c58d5d06806987308b45654351,-8.665217391,0.086956522,23
6d988d6174a2c27441597174f8905515,-8.76,0.086956522,23
827f8f69dfa529c561901c4f2e0f332f,-10.34778846,0.086538462,104
c8417879a15366a17c30af34c798c332,-9.295428571,0.085714286,35
b4a476fbd28de64b1e347abf9089366a,-10.692,0.085714286,35
b2ba3715d723d245138f291a6fe42594,-9.3646,0.085714286,350
e59aa562b9f8076dd550fcddf0e73491,-11.64853659,0.085365854,82
fe2032dab1a61af8794248c8196565c9,-10.39314754,0.085245902,305
c9aafcd0621b2207c10e32c649cada4d,-10.55978723,0.085106383,47
5d0363b33554b373851fc1622e4d5f3c,-8.230957447,0.085106383,94
cbd996ad3c1b7dc71fd0e5f5df9087e2,-10.5942328,0.084656085,189
3be634553519fb6536a03e1358e9fdc7,-10.12905263,0.084210526,95
76d5af76d0271110f9af36c92573f765,-11.80225806,0.083870968,155
7ddcbb64b5bc1ef36ca8c151f6ec77df,-9.43988024,0.083832335,334
d4910f1cdcfdabd48d6b316e395d4a23,-9.503333333,0.083333333,12
ce7d1888639e6fb06b2749cbfdac1ff7,-12.11059524,0.083333333,84
cd3d09fbe6e3e9ff0c0ac0c300e93ae7,-8.915833333,0.083333333,12
c3acdfac4e3e97ff87529454fbc03642,-8.7475,0.083333333,12
a5a1bfcf728ab0e19182959cf0771ee4,-10.07541667,0.083333333,24
99002261c568a84cce14d43fcffb43ea,-11.50472222,0.083333333,36
985c92cc412091f8529c12d7f23d3fef,-13.35,0.083333333,12
8cc6a0e5738e61a87b03c78b2ba9db4b,-10.2225,0.083333333,24
89f69225956f951295ca4c7fb1266553,-18.00333333,0.083333333,12
8476243f92442881ddd5b578975cf115,-6.901666667,0.083333333,12
7357b52d27cbaa90f81a96cbc1279396,-8.496666667,0.083333333,12
723cd880edaacdb998898b67c8f9da30,-10.20916667,0.083333333,12
6860153b69cc696d5dcfe1cdaaafcf62,-8.875595238,0.083333333,84
5d9dc90a686a8fddacffab6bab5653a3,-8.9125,0.083333333,12
5b179e9e8cc7ab6fd113a46ca584da81,-12.96111111,0.083333333,36
5ab05b6d86d417796c69ffd6774ec832,-12.76166667,0.083333333,12
4be6b962d83299498bae2190f95d6566,-11.43333333,0.083333333,12
40db9e9aa57f7bb151bcda6b0f9bdbb7,-14.72666667,0.083333333,12
26d8a1c7c75d513045798992ead43aa2,-11.79027778,0.083333333,36
1d29dfba02015238dfbe2449a5eaa361,-8.706666667,0.083333333,12
1cbd32d00d01bb8087a5eb088612fd9c,-9.504166667,0.083333333,12
0afccdb8a34ee5c79f7c06faf2b4d56e,-9.689166667,0.083333333,24
0a85ebe4e328db81ac9109781205e2f7,-7.655833333,0.083333333,12
0887a9f087bcd5d9f6642b52f897fc6c,-11.86333333,0.083333333,12
058cb5aeb36d7c0fcae20fc85d5e0a59,-10.80666667,0.083333333,12
3c7c4a49ec3c6550809089c6a2ca9370,-8.682468354,0.082278481,158
e067ad2c1c0b48758eb1b5228bcf7a68,-9.878360656,0.081967213,61
17f51e7198701186712e53a39c564617,-11.59081967,0.081967213,61
00ee68308b45bc5e2660cd833c3f81cc,-10.1552907,0.081395349,172
49067458c68f7701fd334ce326accbe0,-13.37,0.081081081,37
3ab971ce71839580d2ae5b4e40fe8044,-11.41567568,0.081081081,37
17a053fcb14bd219540cbde0df490be0,-9.418040541,0.081081081,148
955fee9216a65b617aa5c0531780ce60,-9.626637228,0.080842391,1472
17e34d8224d27a541263c4c64b11a56b,-10.14938462,0.080769231,260
c70c1b0d8ca86052f45a432a38b73958,-8.400595238,0.080357143,336
fb89df7f89fd1b8f03fa2acca1ba7364,-9.2196,0.08,25
d51e0a403fe2e689ece6c73359d96e12,-15.1044,0.08,25
b83cedfb587e7911540e3f576d6917ce,-8.702,0.08,25
6f892e20a171e98efe17fdb971ff319b,-9.4296,0.08,50
058fd0aa2bfdb2274e05e1ae971dabb6,-11.11888889,0.079365079,63
7142540dd4c91e2237acb7e911c4eba2,-13.14670732,0.079268293,328
ef0ace09169ac090589d85746e3e036f,-10.98446043,0.079136691,139
bf84056e679dbe9c69929847a40e338f,-5.742894737,0.078947368,38
9646c3513289980f17226a2fc4720dbd,-12.22986842,0.078947368,76
32b8764b4ef628b53608fc34011fcc13,-14.03236842,0.078947368,38
715bbd5ba4e6b74cb0d2f29eb45058b0,-12.8503125,0.078125,64
bd0389da23d89b726abf911cccc54596,-11.80911111,0.077777778,90
004c9cd9d87a3c30c522c48c4fc07416,-11.33172619,0.077380952,168
f7496d659ca9fdaf323c0aae84176632,-20.15153846,0.076923077,26
f61c63d13f7cd800549d5acdd390ae72,-10.53423077,0.076923077,26
f52c2422904463fdd7741f99045fecb6,-9.628461538,0.076923077,13
ed4311e67debd72b8610a5347a743087,-8.101538462,0.076923077,26
daeb5653dd96c1b11860f72209795012,-10.71025641,0.076923077,39
ccf8813e5a7d6c84d865cd38bfc2b130,-12.80269231,0.076923077,26
bd1d49a326abfa9b1036772e40445430,-11.26846154,0.076923077,13
bc503e244f187939d10c92a5c8e378ce,-10.60692308,0.076923077,13
b94cc9f10ddc85e4ba73a6f7974e7101,-11.94102564,0.076923077,39
af4a0e4cfe1d9c26b6712b1be25a72e5,-12.91423077,0.076923077,26
97512d3fc193b2d1dfcdba0f9d1f0f8a,-7.809230769,0.076923077,13
8629c241b3622ac12cd4118afdc8d394,-13.27615385,0.076923077,13
8090490573c6c0aa343a7231ebcb8c86,-10.74769231,0.076923077,26
6e864f5c4669eff3d98140a07cc50202,-10.71384615,0.076923077,13
6b333a05bf188ef3e1f1662a86bd9855,-8.081538462,0.076923077,13
5f1dc28029d2c244352a68107ec2b542,-15.26012821,0.076923077,78
4b9750c8ad28220fe6702d4ecb7c898f,-8.676923077,0.076923077,221
4559697a8f7e637227c2eeaed843baff,-11.75230769,0.076923077,39
1660ad786c27fd935378b6192a90b417,-9.996153846,0.076923077,13
0747d5bb69f0586cc869d8af4c50f93e,-15.79461538,0.076923077,13
00720abe85ba0859807595bbf045a33b,-12.01538462,0.076923077,26
5656537e588803a555b8eb41f07a944b,-11.22702703,0.075675676,185
92eb0f42c21942b6552362b9b114707d,-9.726201117,0.075418994,358
edb1ef5e36e0c8cd84eb3c9b003e486d,-12.84344828,0.074712644,174
aced59e9b31ef866a94f9e7f29d8d418,-10.63044776,0.074626866,67
4c18691b6037662be2df78a765d98ab5,-10.75432836,0.074626866,67
e9779976487b77c6d4ac45f75ec7afe9,-9.113130081,0.074525745,738
fcdd820084f17e9982427971e4e9d47f,-19.53,0.074074074,27
df560393f3a51e74553ab94004ba5c87,-12.98296296,0.074074074,27
d6b1ce66b035a475f00c017792ff9769,-11.94083333,0.074074074,108
ccc4bbb5f32a6ab2b7066a4130f114e3,-16.17518519,0.074074074,189
8e6cc767478edae941d9bd9eb778d77a,-12.80388889,0.074074074,108
624f4ece8da4aafb77699233d480f8ef,-10.28166667,0.074074074,54
2a7dc43cecabf23403078e2188437d1d,-9.540925926,0.074074074,54
271c58a1d139c45eaf3316107c6d3a3b,-10.53925926,0.074074074,27
55a5b51f93f2b70ea513f5a047b0262a,-11.75878049,0.073170732,41
43f8c9950d11ecd03a0304a49e010da6,-11.50804878,0.073170732,41
da8622b14eb17ae2831f4ac5b9dab84a,-10.52757106,0.072997416,1548
e24fc9fcd865784fb25705606fe3dfe7,-12.76309091,0.072727273,55
994f04b3718c2bab35c2adfa8afecd2a,-7.806,0.072727273,55
1bb2bdb95f4841f1bba2c0d2cd83d3c9,-12.5553012,0.072289157,83
4371b634e0efc0e22b09b52907d9d469,-10.07621622,0.072072072,111
d50d79cb34e38265a8649c383dcffd48,-12.65342857,0.071428571,70
caa9bc43a9fe8cf9c564ddd8a03cc4a6,-10.68,0.071428571,14
c89cf7c468a48af70aada384e722f9e2,-9.478571429,0.071428571,14
c273175f7c6c80fb02f051e2fc6d0d72,-11.74,0.071428571,14
b9ca8e8baa5d4aa038394a700f63e69f,-8.378571429,0.071428571,14
b8555308bfdb4ca1ed54325a58da9a97,-10.4425,0.071428571,28
b6e1504972665f739dec4facb9943775,-8.227857143,0.071428571,14
980640c45d7a4635885491d077167e4d,-9.596428571,0.071428571,14
7c1fea10b5b006671d608b1d7c446ec4,-10.085,0.071428571,14
7b7f91e98f8c6def45a1407923304402,-12.47571429,0.071428571,14
70eea00b476a314817cefde4aad4f89a,-11.54241071,0.071428571,112
6806dad1da97bfb5a9038eac6881f706,-13.22285714,0.071428571,14
5a425cc503b39b262a847fd6212bf53b,-9.117142857,0.071428571,14
5882820ef11c4c068eea0677a7a879b4,-16.70928571,0.071428571,14
4de6e4ba574aa9dfdc824bc44dc47fdd,-17.6,0.071428571,14
2e13c71026e1a39ba5cc1b86dcb679aa,-13.48714286,0.071428571,28
0ac4201fda2c68ebc0e47cb9423cf3c9,-11.56928571,0.071428571,14
1554a68530182680ad5c8b042c3ab563,-13.08861423,0.071161049,267
f45122a9ab94eb4f3f8953578bc0c560,-9.665228426,0.07106599,197
66922902710d126a0e7d26b0e3805106,-9.547032258,0.070967742,155
c8b0e2b0a7095e5d8219575d5e7e1181,-10.11352941,0.070588235,85
f214d28e8d8e3ef068748498ccc2f813,-12.38280702,0.070175439,57
d650b663c3b5f6fb392b6326366efa9a,-10.88684211,0.070175439,57
dc8798cbf453b7e0f98745e396cc5616,-8.757674419,0.069767442,43
f4aba7c0bca51484c30ab7bdc34bcdd1,-14.99530435,0.069565217,115
6fc26fe110feebd80a433e1f012a84f9,-13.92805556,0.069444444,72
6d66611d7c44cc30ce351abc49a68421,-10.06074713,0.068965517,174
45d33f715e24d15a6ccf5c17b3a23e3c,-11.29655172,0.068965517,58
3bdff180c7e1f6551a643b99c265a120,-11.7137931,0.068965517,58
7ea5bfa6c340f58f8e71fc1f0412b0d6,-9.497058824,0.068627451,102
4992e76a42cb3aad7a7047e0d3d7e729,-9.830547945,0.068493151,73
e8f6dc8e6a1dcde89d20e3995c8d90b3,-19.69704545,0.068181818,44
48436dade18ac8b2bce089ec2a041202,-9.391904762,0.068027211,147
3b15288545f8928d3e65a8f949a28291,-11.12440678,0.06779661,118
ffc470761de7d0232558ba5e786e57b7,-11.002,0.066666667,30
f3c38ab652836d21de61fb8314b69182,-10.368,0.066666667,15
d2e753bb80b7d4faa77483ed00edc8ca,-14.924,0.066666667,15
c6a7539d424a8402232c2228d7a03c5e,-10.01066667,0.066666667,15
b37c4c02bda3161a7546a4e6d222d5b2,-5.467333333,0.066666667,15
a8739afb32aaa45e01815ca76f76f54b,-9.340666667,0.066666667,15
87d3c3aeb3ead335511b3ce315eb341e,-7.746666667,0.066666667,15
76ea5315acb3f5f7ade3cd261faf922a,-10.48666667,0.066666667,15
729b2d09b2a0bdab221076327f13d050,-12.31083333,0.066666667,60
7238a95bb63ef7e498389fb863b834a1,-8.770666667,0.066666667,15
6a8a889bde935bafa76d7848782dfaf9,-14.39666667,0.066666667,30
5f3ae9136c875522250f8184f253413a,-11.424,0.066666667,45
5a05a16bb50629ee31afab8a6d4c2674,-11.264,0.066666667,15
2e3be8a987a30d7544dbbda6861cc14e,-10.23533333,0.066666667,15
2a6fbeaa7ab9e5d59a35841a8da71ce4,-12.083,0.066666667,30
276677b5d08786d5dce7c2149dcce48b,-9.501333333,0.066666667,45
1b8b75e227c9a9c100d0c210fb6176ce,-18.92733333,0.066666667,15
17306570e772e7718c92a562d33f5f1d,-9.392,0.066666667,30
128f9bfbe4c7d5185033914b1de3d39a,-12.82533333,0.066666667,15
04aba03279157f6d4e0fe8ccaf21963c,-13.25533333,0.066666667,15
640e21a7d01df7614a3b4923e990d40c,-9.584558824,0.066176471,136
dc4a0fc896dc34b0d5bfec8438291c80,-10.7961157,0.066115702,242
8a432f4e5b471f8da497d7dc517666e2,-11.72915094,0.066037736,106
4830e40640734fc1c52cd21127c341d4,-10.46033019,0.066037736,212
2e1c9f22be269ef4643f826c9e650a52,-9.758323353,0.065868263,167
f457c46070d02cadd8a68551231220dd,-11.67365217,0.065217391,230
ad420dd0c4f92f8af951ac24b86d0cf5,-10.93413043,0.065217391,46
c003204e1ab016dfa150abc119207b24,-10.8903,0.065,200
e06f09ec0a4aca210779cf1cfc63cf19,-16.41612903,0.064516129,31
b335c59ab742f751a85db9c411a86739,-10.40935484,0.064516129,31
8a130737016f838139d31878787a39c9,-10,0.064516129,62
6a51fc556dab5f766ced6fbc860bc613,-10.87,0.064516129,31
157c3e4b42f81ac4a44e8b1ca2fe9876,-12.3116129,0.064516129,31
a17f621c590ea0fab3d5d883e1630ec6,-9.843205128,0.064102564,78
f80edd2c5aaa505cc4b0a3b219abf4b8,-11.44016,0.064,125
59fb871bf6f4522a87ba567b42dafecf,-14.03232,0.064,125
2ff97219cb8622eaf3cd89b7d9c09824,-8.652765957,0.063829787,94
5b925e1d006e9476d738aa200751b73b,-10.5052381,0.063492063,63
82e0a475a88cc9595229d8029273f045,-7.554810127,0.063291139,79
128639473a139ac0f3e5f5ade55873a5,-11.54875451,0.063176895,554
46dc3b2cc0980fb8ec44634e21d2718e,-11.53872137,0.062977099,524
d91fb3b7d041e83b64a00a3edfb37e4f,-11.99584762,0.062857143,525
0be8ff43f22e456b4e0371b2245e4d01,-11.10628571,0.062857143,175
850f4f8af5ea87287ac68de36e29107f,-14.08706806,0.062827225,191
fe49ee029e61e789a1f3a5525f57ba8d,-11.2475,0.0625,16
dbdd0ec73a4817971d962698f2fea022,-16.645,0.0625,16
d4e12e7884759a14fa0f5f896c791cae,-11.5875,0.0625,32
d101c6da914ae3d53f7bee42283f2fe2,-20.761875,0.0625,16
9d7a1d34a5052409006425275ba1c2b4,-11.565625,0.0625,16
96493fab2fbb13a14d0c0e8772eef5c3,-9.534375,0.0625,64
8f54d64f28a993550aa7943f12572959,-11.316875,0.0625,16
8daab2245ebdc277c51098d01c5ad8ef,-16.580625,0.0625,16
2be17df1c49978426251562096c3cc09,-15.445625,0.0625,16
1987cd4be10fe09ee50454f9c354d1c6,-13.458125,0.0625,16
165b1235e9e9942cb5fae67103576fb0,-7.5425,0.0625,16
1127b7f2594683f2510f1c2c834a486b,-9.9678125,0.0625,128
0509040ea3fe50071181bbc359eb7738,-10.06114583,0.0625,96
08633c14ef2db992c11f840f04fad4cd,-11.13072165,0.06185567,97
9de4643a8dbde634fe55621059d92273,-10.9162963,0.061728395,81
8f119a0aee85c0c8fc534629734e94fd,-10.09617284,0.061728395,81
6560211a19b47992c3666cc44a7e94c0,-11.01048096,0.061623246,1996
01fdefa7697d26ad920e9e0346d4bd1b,-12.99284615,0.061538462,130
5a8e7d5003a1f221f9e1d6e411de7c23,-11.7798324,0.061452514,179
1b4c3a6f53068f0b6944d2d005c9fc89,-12.14921739,0.060869565,115
dbd66278cbfe1aa1000f90a217ca4695,-11.84767677,0.060606061,99
834f3294fba9f932f56edc879193f925,-8.804545455,0.060606061,66
7a241947449cc45dbfda4f9d0798d9d0,-14.62515152,0.060606061,66
6d803cb79cc31c41c4c789a75933b3c7,-13.4,0.060606061,66
05d2173d43ea568aa0540eba70d2ca76,-10.88818182,0.060606061,66
25c5c91f63607446a97b143d2d535d31,-11.26969925,0.060150376,266
cb3dd9ce66268c7a3ca7241ac70ab58c,-12.7968,0.06,50
9b00ed88b7fdb95d6ff76e27c1b52d16,-9.7336,0.06,50
cc419e0650a3c5ba77189a1882b7556a,-12.3460733,0.059918557,1719
a7f13822ceb966b076af67121f87b063,-16.17488095,0.05952381,84
fa40cc5b934574b62717c68f3d678b6d,-10.68750742,0.059347181,337
3d871de0142ce09b7081e2b9d1733cb1,-12.40213086,0.059239611,1131
8a32e327fe2c1b3511609d81aaf9f042,-13.56639053,0.059171598,169
7a67c85e85bb2ce8582c35f2203ad736,-11.1605974,0.058874459,1155
f8db351d8c4c4c22c6835c19a46f01b0,-11.0339916,0.058823529,714
ed8cb7b190ceb6067227478e48cf8dde,-9.21,0.058823529,17
dfc5fb7259bb2b599ca565e6e9448f0f,-11.51764706,0.058823529,34
d06d019f72a04e5497a0b64190af170c,-11.72823529,0.058823529,17
c12b92bf1c350f3e6bf88d3596219c86,-12.42352941,0.058823529,17
bba3293d6f5d5af2f415e004e8b93ae3,-8.345294118,0.058823529,17
bb5bd94c8f59cc050072d2930c869cac,-10.58,0.058823529,17
87d30a6a0cbf89356e49324971ab1d24,-10.14764706,0.058823529,17
63ffcb71394dd8ea3872ed9ffda17c74,-10.46,0.058823529,17
5b33b527da3c5b969cc99dc435cad09a,-13.28941176,0.058823529,17
575df70bde3f9f2b30bf8d2e9910d725,-17.09088235,0.058823529,34
1d503743d2526f03f0c2c89540ee008c,-8.819411765,0.058823529,17
537eb890efff034a88679788b647c564,-11.73614035,0.058479532,171
5dceca129747e92ff8ef7a997dc4f8ca,-10.61431487,0.058309038,343
41b39e28db005d9731d9d485a83b4c38,-17.75439462,0.058295964,223
ceaec5548eefc6e23e6607c5435102e7,-14.53461165,0.058252427,206
79ebd9a61bac3eaf882805ed4ecfa12a,-11.6915,0.057142857,140
240b9776d844d37535668549a396af32,-10.56285714,0.057142857,35
232a6014e7b10cba61c6c2b2ea6bb4b0,-13.65457143,0.057142857,35
0241d4d5d36f10f80c644447315af0bd,-12.30768293,0.056910569,246
7202e2ba20579a9bd1acb29e61fe71f6,-11.43886792,0.056603774,53
7d456afc660226829370f3173d14520c,-11.9352809,0.056179775,89
87142160b41353c4e5fca2360caf6f92,-14.29159292,0.056047198,339
7e93a43ef30c4f03f38b393420bc753a,-11.48555901,0.055900621,322
a1043bafd471dff536d0c462352beb48,-11.79913564,0.055851064,752
fbc14c0cf93505ef89f64665ffa4a7b5,-13.11888889,0.055555556,18
f4c4daa86e30c7e5a553a8d518ac03a5,-12.79555556,0.055555556,18
f4a04f7be452aa3bb31760bf00055dd0,-19.18166667,0.055555556,18
f1ed6bd0a9b11b581f16c851c6a5a527,-8.541666667,0.055555556,18
da7039f29f90ce5b4846ffc0fcc93beb,-11.02666667,0.055555556,18
81a1104df0f08b59c68aa5b03cfe398e,-13.03902778,0.055555556,72
7a425d299613df3e613bcf9d2eaf5c49,-11.40611111,0.055555556,18
6edacfd9f9074789dad6d62ba7950b9c,-10.98342593,0.055555556,216
4324dd16853115efb0fd9d0d131ba6f4,-13.19611111,0.055555556,18
1fdc574883ef3b33ad41562d93f3a74a,-10.74611111,0.055555556,18
15cd6eefe58588619aaed41dfa6621b1,-10.33888889,0.055555556,18
001cca7ae9ae17fb1caed9dfb1094831,-12.56982906,0.055555556,234
2138ccb85b11a4ec1e37afbd1c8eda1f,-12.04078759,0.054892601,419
5f2684dab12e59f83bef73ae57724e45,-10.34972603,0.054794521,73
116ccb1a1604bc88e4d234a8c23f33de,-10.06876712,0.054794521,73
18a349e75d307f4b4cc646a691ed4216,-14.09960938,0.0546875,128
dd2bdf855a9172734fbc3744021ae9b9,-22.092,0.054545455,110
9b013e03b2ab786505a1d3b5c0756754,-9.406090909,0.054545455,220
2528513dd95219a6013d4d05176e391a,-11.58795181,0.054216867,166
e333046ce6517bd8bb510291d44f0130,-12.87,0.054054054,74
701938c450705b8ae65fc923b70f35c7,-11.05279279,0.054054054,111
cca3071e3e9bb7d12640c9fbe2301306,-14.62372093,0.053855569,817
09f952a5f58d2285b0372551ae8f9b01,-11.40696429,0.053571429,56
d2374cbcbb3ca4ab1086534108cc3ab7,-14.76137097,0.053225806,620
dee656f0f566ed1aa85bd137c943f08f,-13.45957447,0.053191489,94
53e4c6e0f4312d4d2107a8c9cddf45cd,-12.7246875,0.052734375,512
f5b44895715ddfe3087dc414f30268f3,-8.985789474,0.052631579,19
e5475dcab1e07b63d7f6e902d8f5eda8,-9.663157895,0.052631579,19
d354c38a7182125a748cb10474fe963b,-12.23052632,0.052631579,19
ba90964cff9b9e0e6f32b23b82465f7b,-11.29421053,0.052631579,38
8602a61d680a10a82cceeeda0d99ea3d,-10.28105263,0.052631579,19
65febd49fd28ec955651299159b1f527,-12.795,0.052631579,38
63b464dbf392c7b80d12d932fa7cafed,-14.14631579,0.052631579,38
45ba18c210d42734ec52c0c1c574e9ee,-11.79394737,0.052631579,38
1a3df491d1c4f1589fc2b934ada68bf2,-12.31432749,0.052631579,171
0adac9fbd9a2b63cccaac4f8756c1ca8,-10.6030597,0.052238806,134
bfd27a966d91cfaafdb25d076585f0da,-14.83226087,0.052173913,115
25e6ffe976bd75618accfe16cefcbd0d,-13.86269565,0.052173913,115
1f9ab4708f3056ede07124aad39a2554,-12.81779221,0.051948052,77
dc317f341ab0e22f39acbd9dbf9b4a1f,-14.45206897,0.051724138,58
d9a84e1403de8da0c3aa531d6d108ba6,-9.237758621,0.051724138,58
b6d44737c043328708f6749c2dbe50bd,-13.66481013,0.050632911,79
0c8380b62e38e8a1e6adbeba7eb9688c,-11.80619266,0.050458716,218
1c129092bf23f28a5930387c980c0dfc,-9.564794521,0.050228311,219
dfc475d54e1b6dbeeb7d7d9bdaa63827,-14.721,0.05,20
d1b65fc7debc3361ea86b5f14c68d2e2,-15.31875,0.05,40
b4f8921fcc4ff77b66bea6dda43dcd51,-16.9925,0.05,20
9bcdfa7b615b3abb9461d9e3ad9886ae,-14.1145,0.05,20
808d4348b916efa08e766ebad39f61eb,-8.557,0.05,20
6288c69c4ce638e59925e59193f98b16,-11.442,0.05,20
542917da124346b47ea1ac79a93ce454,-13.2905,0.05,20
430315b7bb4b6e4b3c978f9dfa9b0558,-12.9815,0.05,20
33c51922b6e3c16b24a8f28e5833c99d,-13.162,0.05,20
1354d51653f645349064725ed204e85e,-18.1205,0.05,20
05ff92fedb5be47920fea08e501238b9,-17.19483333,0.05,60
8cbac7e12637ed9cffa18c7875207478,-13.36950617,0.049382716,81
1da3aeb70d7989d1e6d9b0e887f97c23,-10.98154321,0.049382716,324
fdb9095204a334cd8872252ffec6f2db,-11.20409836,0.049180328,61
870d0118f7a9d85960f29ad89d5d989a,-9.393606557,0.049180328,61
3078096983cf766a32a06257648502d1,-11.6457377,0.049180328,61
75fbb52eda0cbc24f479d3b2fbfa8d3e,-13.39560976,0.048780488,41
516e7738bd8f735ac19a010ee5450d8d,-17.8695122,0.048780488,82
1d4587203296c8f4ad134dc286fa6db0,-10.58390244,0.048780488,41
f97e2b0650c2068227e1d366140eb62f,-18.03190476,0.047619048,21
eb5b6204dde3a6e03b5f1bb8479f055b,-12.42380952,0.047619048,21
e63e8bfa530fb16910dd6956e592bb81,-13.00119048,0.047619048,42
d25aa0aaacb370e912f8cf6efeba38b3,-16.01904762,0.047619048,21
d03698c2efd04a549382afa6623e27fb,-14.83809524,0.047619048,21
b56906f7fd1696e043f1bcce164c487b,-13.88,0.047619048,42
af3ef48d0e13835e529c29ac573c63e5,-10.68761905,0.047619048,21
a2e874074c877c5a05abae80ad6e488f,-15.20547619,0.047619048,42
8f78f0903005064036736c7173a5c2ed,-13.67714286,0.047619048,21
83deb69e889cf80f82be1dc6d5f2d486,-11.2252381,0.047619048,42
66fd84ee7528c0c0de85d0f44a73d5ab,-16.98761905,0.047619048,21
3a734b715d333a2588a3d54a0c9b8746,-12.10238095,0.047619048,21
31344c16881c08a8a72c6d2eb29918c1,-9.636190476,0.047619048,42
7299e27ed73d2ad986de7f7c77d919fa,-11.95513966,0.047486034,358
e8b3a3a38279a82f0e5d006d5e5b7d2c,-18.05294118,0.047058824,85
9f505651f4a6abe901a56cdc21508025,-10.32884977,0.046948357,426
cce6ab8d1682639fe45ab70234f1665f,-13.10890625,0.046875,64
c33847515fa6305ce6feb1e818569f13,-14.725,0.046875,128
7178f9f4dd81dcef02f62acdf8151e01,-17.94423256,0.046511628,215
670c26e0f1bf8d0576271d5cfaec6d2b,-13.01348837,0.046511628,86
3586b8580d9c917874e053a1bb37b5ff,-16.30976744,0.046511628,43
44073f8b7e41514de3b7815dd0237f4f,-15.12529801,0.046357616,151
4d6d651bd7684af3fffabd5f08d12e5a,-12.32290488,0.046272494,389
a3a38f4affed601eb87a97788c949667,-14.01480769,0.046153846,260
95f83f51203c626648c875dd41874c7f,-13.54753846,0.046153846,65
813348c996469b40f2e028d5429d3495,-10.21374359,0.046153846,195
1838dd9b8977065acf51d95e0053ea7a,-10.37507692,0.046153846,65
01cf7e3d21494c41fb86034f2e714fa1,-14.51184615,0.046153846,65
bd23da7354813347129d751591d1a6e2,-9.498045977,0.045977011,87
282f23a9769b2690c5dda22e316f9941,-11.38944954,0.04587156,109
aafe36600ce604f205b86b5084d3d767,-12.46366412,0.045801527,131
e24d3429d294b2eb200b064ebb035879,-10.04545455,0.045454545,22
d9442042130b7fe579d1295f9f4a248f,-7.208636364,0.045454545,22
ce616e1913288884e7742faac9d981db,-11.78636364,0.045454545,22
c66dccfb3f109511246da627dd5a2498,-14.31318182,0.045454545,44
c35672b10ad50968f567ea3f4b91e877,-12.65136364,0.045454545,22
6aa3928696eab49a19a466e665a649fd,-13.30045455,0.045454545,22
5670f4db5b62c43d542e1b2d56b0cf7c,-13.51954545,0.045454545,22
4e7c18b98d84e05cbae3ff0ff03846c2,-12.49022727,0.045454545,88
412a4720f3e9431b4afa1476a1acddbe,-9.105454545,0.045454545,22
36a968b544695394e4e9d7572688598f,-11.68615385,0.044871795,156
b32be1695eb7ec5f10f72d9610a12527,-13.06888889,0.044444444,45
afe0067131b73e40875c9b6c10bd2e21,-10.70266667,0.044444444,45
00fc707aaaad2d31347cf883cd2dfe10,-14.83214815,0.044444444,135
710e3548e02bc1d2831dfc4f1b5b14d4,-21.31379562,0.04379562,137
f0837c8d71434931d9e38e7b79234797,-19.51956522,0.043478261,23
e84ad2127668df3aafc6b73531a0beb8,-6.833913043,0.043478261,23
9596c870880d900012f2e8e6e30d06d7,-11.74130435,0.043478261,23
82bd0703a4aefd6b599e5bfdaed378fb,-20.5226087,0.043478261,23
7c5b05cbdb5542049f38d90d7815b97d,-11.60652174,0.043478261,23
6426d21aca402a131fc0a5d0960a3c90,-12.8726087,0.043478261,23
4e06067cc08b3f41d837768d392c3ee3,-13.78108696,0.043478261,46
4a1f694197d05fe70026b016a7316b41,-13.93565217,0.043478261,23
381c83fdca332ea6afd896da20bf6e4a,-15.09695652,0.043478261,46
343e716476e3748b069f980efbaa294e,-14.95521739,0.043478261,23
1e8b33f18b4f7598d87f5cbee2282cc2,-10.25539568,0.043165468,139
6b90f847357d8981edd79a1eb1bf0acb,-8.370851064,0.042553191,47
dbb9b48c841a0e39e21f98e1a6b2ec3e,-11.16220339,0.042372881,118
98dac6635aee4995d501a3972e047414,-11.00647368,0.042105263,190
b39d7fe263ef469605dbb32608aee0af,-15.62125,0.041666667,48
7b07b3c7487f0ea825fc6df75abd658b,-10.35,0.041666667,96
113e3a788b935f48aad63e1c41dac1bd,-14.96458333,0.041666667,48
0d33a55da925bbf1ff02af5f6059fc7f,-11.79458333,0.041666667,24
066a6914e1ebf3ea95a216c73a986b91,-16.15361111,0.041666667,72
db4350fd57ae30082dec7acbaacc17f9,-14.87386207,0.04137931,145
d566c37fa119d5e66c4e9052e83ee4ea,-9.760684932,0.04109589,73
0c7533c71df861ec58ad7ff999ed0e8d,-9.073835616,0.04109589,73
f789d2c4f2c2eb38fc4373e7a4b35264,-14.18938776,0.040816327,49
80e6699fe29150b372a0c8a1ebf7dcc8,-15.55438776,0.040816327,98
9d4db00d65d7760644ac0c14edb5fd86,-11.00484848,0.04040404,99
df56d7b40d437f88407c5f78b63bc328,-11.312,0.04,25
a938325a4b357fd23a6a4d5bb126408e,-10.9064,0.04,25
7dc8c42cc750eeafea6c85712ffee9bf,-12.7002,0.04,50
53243585a1d6dc2643021fd1853d8905,-10.877125,0.04,400
25cf099de44674fde97473224f9d59ab,-12.2326,0.04,50
1fe5540d7c1c37a595fefbacd5570d9e,-13.7084,0.04,25
de722cd6dad950a92b7d4f82673f8833,-15.4169496,0.039787798,377
febab0275244b9a49a623f0bd613ca2f,-11.06968254,0.03968254,126
94144541854e298c2d976cb893b81343,-14.39039474,0.039473684,76
7008613ea464bad5cb9b83456e1e6a8f,-13.49059211,0.039473684,152
e0a366315b1b726b6c7832d664c0f530,-10.95058824,0.039215686,51
abcd2cb37d46c2c8fb1bf071c859fc5b,-16.01470588,0.039215686,51
080102cd0a76b09e0dcf55fcacc60e05,-11.13125,0.0390625,128
f7720c4fa8e3aba4546301ab80ea1f1b,-14.02363636,0.038961039,77
9e6229250fedbe05838fef417b74e7fb,-14.84311688,0.038961039,77
cea729054f157f5870bdd321a958d994,-8.582307692,0.038461538,26
cd06602b43d8800bd0afad514919d35c,-11.03865385,0.038461538,52
a3f0b55de503387383c7b1de3ad7f678,-13.79192308,0.038461538,26
730937bf88cb151eb2eb849f642fc213,-9.778846154,0.038461538,26
10076e5788b8ee532724bcd460baf762,-11.51730769,0.038461538,26
669ae81880e08f269a64487cfb287169,-13.63708108,0.037837838,185
0691148aee60ca47977c187804f935ae,-12.07075472,0.037735849,53
6c177e38df6d3f34182b1f1d427231bf,-14.07240741,0.037037037,54
20d83f3ef0e6925fd74bfd59170babf7,-10.88666667,0.037037037,54
093805f8f2aeb63881444571e1f48f30,-10.04111111,0.037037037,27
d94a40fd42351c259927028d163af842,-13.48495413,0.036697248,109
0db783cfcd3b73998abc6e10e59a102f,-12.42043796,0.03649635,137
2dee2ce60de9709b1a24083217181a1f,-16.384,0.036363636,55
eeb6de78f79159600292e314a77cbd18,-16.22891566,0.036144578,83
d624126b9206f595fb3fbb6ba03b28a8,-15.47107143,0.035714286,28
750303a20e9c56b2a6bc45cdce0b897d,-11.75839286,0.035714286,56
52d76513f0c4d97f3b99570e2c94ee31,-18.77964286,0.035714286,28
38e679b9e0064cd94c6f035707344dae,-16.24928571,0.035714286,28
ebd2d60905fb58271facef5596b620d3,-10.58341176,0.035294118,85
85d9eb9ddc5d00ca9336a2219c97bb13,-15.03154297,0.03515625,512
1c68394e931a64f90ea236c5ea590300,-14.71409357,0.035087719,171
dfa0c4c6229ab200a4a1336b4d7128ff,-14.75616279,0.034883721,86
e883aa812c37a7413226856f4579fe91,-12.28827586,0.034482759,29
d379f449f2a3b271bc01c0782020f705,-14.17482759,0.034482759,29
c864036feaab8c1659f65ea4faebe1da,-12.65086207,0.034482759,58
8fdca8e349553f99bc738833a62c8802,-11.75413793,0.034482759,29
5f5b43b2bffa8656e4bc6efeb13cc649,-13.23724138,0.034482759,29
376a891762bbdecbc02b4b6adec3fdda,-14.56206897,0.034482759,58
30a2f535bb48308f991d0b9ad4a8c4bb,-12.19942529,0.034482759,87
138dbe45fc62f1e244378131a6801526,-9.268793103,0.034482759,58
0bb738e4d789e63e2267697c42d35a2d,-13.37413793,0.034482759,29
0885aaf116795758dfeb5f1032487bcd,-10.66,0.034482759,29
0432ead42b6c8a0bdf68154add917fdf,-12.76954023,0.034482759,87
562fc2f2c2863ab7e79a9e4388a58a14,-12.49886792,0.033962264,265
c6bda72e4dbf5c5866b13cb1810c6d03,-11.55949153,0.033898305,59
062ce95fa2ad4dfaedfc79260130565f,-12.87576271,0.033898305,59
6b243f80ed07b10f0e8aa0f21a205f3c,-13.72022472,0.033707865,89
0b90b6df587eb83608a64ea8b390cf07,-17.62248804,0.033492823,209
cc3d14116804f7209f3884f6367f1152,-16.62633333,0.033333333,30
974cf2cb8f4b7add98709c30df02fe10,-13.064,0.033333333,30
5b67882648febfb6e1225e6ad7164f6b,-12.769,0.033333333,30
4bf2f4ee540798a61f9636d12cd9cc80,-11.598,0.033333333,30
2199e7fe213c16213bf5d6a7eadc9a5d,-12.57433333,0.033333333,30
1464afc72f696af775557a821c2e253f,-12.00766667,0.033333333,30
02f5837340d7eb4f653d676c7256523a,-16.66533333,0.033333333,30
f00e21b1e91a79653163b7fd8f293ff1,-15.51741935,0.032258065,31
95ec4458365c4d11f452ccf538377619,-11.97096774,0.032258065,31
72c5da29406b4234927b81855e7b64f6,-15.88548387,0.032258065,31
5cf13accae3222c70a9cac40818ae839,-13.76974194,0.032258065,155
4917cee8d902e13428c3ec4b1ca6f315,-9.279032258,0.032258065,31
30829ded4523ab9224b93bc49a62c95f,-17.97967742,0.032258065,31
1b938a7ec6ac5061a66a3766e0e75f90,-13.99645161,0.032258065,31
e7d5b006eb624f13074497221eb37807,-7.425238095,0.031746032,63
d57e18d5f73c7ccb7f7339b61166898d,-10.78126984,0.031746032,63
9674754b5a0cb32b638cec001178f799,-10.40357895,0.031578947,95
95e03ca3d4146e4011985981aeb959b9,-14.48521053,0.031578947,190
2a84855fd20af891be03bc5924d2b453,-11.79509434,0.031446541,159
ff063b022a9a0aab91bad2c9088760b7,-11.3246875,0.03125,96
fad44952713764836814be105382aee5,-11.179375,0.03125,32
5d3bb11474a06bdc23fb9e89f1164ee0,-12.795,0.03125,32
4ebdc7e6cd6102a022dadc49156d4ea8,-10.0828125,0.03125,32
33576ec5412fb5905d876f12f33bfde6,-16.463125,0.03125,32
6061155addc1e54b4cfb51c1c2a32ad8,-8.276060606,0.03030303,33
3c487ae8f8d7542beff5788e2e0aea83,-10.32272727,0.03030303,33
2b1a40c1daabc6ca280c4b815c101841,-13.32818182,0.03030303,33
5c243662ce92d84573bfaff24c3e3700,-13.1025,0.03,100
b76dba6c951ab00dc4edf0a1aa88037e,-16.15071856,0.02994012,167
966cb4760537b1404caedd472cc610a5,-14.8,0.029850746,67
ac3508719a1d8f5b7614b798f70af136,-17.37237624,0.02970297,101
ea67327e24487bdfac5fbfa37ea124df,-14.54176471,0.029411765,34
18e694e0e48ed6f7aa3f24aade5fd697,-12.70970588,0.029411765,34
76d64c4aca3a7baf218bf93ef7fa768d,-14.78,0.028985507,69
86ccac0b835037332a596a33b6949ee1,-14.18576923,0.028846154,208
fde0cc9ea29c8ccfc0a2c22256a58c71,-15.68514286,0.028571429,35
fcb5ace8bcc92f75707dc0f01a27d269,-8.509857143,0.028571429,70
b92e3c8f9738272ff7c59e111e108d7c,-42.21428571,0.028571429,70
91f848e9f4be368f4318775aac733370,-10.84671429,0.028571429,70
8bd0f31cf0a614c658f6763bd02dea69,-12.29142857,0.028571429,35
c8b3445d737de6befde0c88ede534a5e,-9.8625,0.027777778,36
b839e41795b7f3ad94cc2014a52f6796,-12.59138889,0.027777778,36
7722b1df1b0e383e000397b2c11e3e19,-11.53923611,0.027777778,144
3c4e0452bff7a2a788179488d3d77032,-14.93416667,0.027777778,36
1771297ac436903d1dd6b0e9279aa505,-15.37138889,0.027777778,36
520b493b57809f446cb0a233bb3e25c7,-11.37082192,0.02739726,73
aaed1309374718fdd995ee4c58c9dfcd,-16.61927928,0.027027027,111
a3dd39f583bc80bd8c5901c95878921e,-11.01648649,0.027027027,37
cc5a78bbad32776dc4e3af205218368c,-15.90947368,0.026315789,38
bacb1f0ed56ad24198f5810d2b3fe9a5,-12.69605263,0.026315789,38
594f9aaa48e5bf431f011ddc5669b0d5,-13.33763158,0.026315789,38
5160d23075764e18e07c1f4a87fad743,-8.700789474,0.026315789,38
4b5f66b7adcf57f1ecc0d3c07dd6b177,-13.67552632,0.026315789,38
31561f325664a8a7aba4c8d0c3a9b3db,-8.953421053,0.026315789,38
ed4acab38528488b65a9a9c603ff024a,-11.91128205,0.025641026,39
d23019c84ffae2d5ef2270367b8605fc,-13.66179487,0.025641026,39
96804ea39d96eb908e7c3afdb671bb9e,-12.56128205,0.025641026,39
42bde9fef835393bb8a8849cb6b7f245,-13.49564103,0.025641026,39
01fd077212124329bac32490e8ef80d9,-11.21333333,0.025641026,39
37be5a7c751166fbc5f8ccba4119e043,-12.85079137,0.025179856,278
709e16e2b25c7474d980076c6bfc4806,-12.558125,0.025,80
4bfc7a4a1cf8d4d2121c27422d9e50b5,-9.96425,0.025,40
cab85505710c7cb9b720bceb52b01cee,-15.07377451,0.024509804,204
b4ffb71f0cb1b1c3d63fad021ecf93e1,-14.29658537,0.024390244,164
66dc1b1632bd6a3e508510c5b3492107,-13.66878049,0.024390244,41
080199a181c46c657dc5aa235411be3b,-8.926144578,0.024096386,83
dbc22125167c298ef99da25668e1011f,-13.172494,0.023980815,417
b410bdd36d5db7a65dcd42b7ead933b8,-14.67880952,0.023809524,42
4200ddf1967c5e41e48db62bc6d4b5ac,-10.70404762,0.023809524,42
17ca9b9e9b9ef8fdb529001b49ebb50f,-13.36171875,0.0234375,128
e26901d5ab434ce92fd9b5c256820a4e,-12.93934884,0.023255814,215
bf3c6d2a28b2b5501e6c15448982dcc9,-11.27534884,0.023255814,43
9add47bf45ce8e8c7db6b9cf670b1e09,-12.91325581,0.023255814,43
7f7b8245c336066a1f9933c359f11d77,-12.36093023,0.023255814,43
6481e96574816ead57975da2c0f6d80d,-10.57372093,0.023255814,43
5a93f3ab0ef4c84ed5e1b5dbf23978bc,-18.3544186,0.023255814,43
58f1a6197ed863543e0136bdedb3fce2,-14.69837209,0.023255814,43
3f995f07c49d0d55a99d5c54957f7d81,-11.40976744,0.023255814,43
609e1a9a6c2539919b8205cf7c4e6ff0,-16.48107692,0.023076923,130
c3cfdc648177fdbbbb35635a37472c53,-15.62960912,0.022801303,307
d66c305afaec317ebee552073a674429,-19.10090909,0.022727273,44
817245bcc3badd82bbd222e0366951a6,-12.85522727,0.022727273,44
48162d548f5b1b11b9d29d1e01f75a61,-12.18719101,0.02247191,89
ca3bd7cd9f149df75950150d010fe4a2,-16.19540741,0.022222222,135
d98eec89afa3380e14463da2aabaea72,-17.99032787,0.021857923,183
bccf933e006e9b94a6184af782963e77,-12.54869565,0.02173913,46
06e5eefc71ec47ae763c5c6f8db7064f,-16.16075269,0.021505376,93
b8bc237ba3788b23da09c0f1f3a3288c,-13.54978723,0.021276596,47
3d8fa2f5b647373c8620330c4e077a9f,-12.55914894,0.021276596,47
33a17d60c64393351ebf1ef860f4e0f2,-15.38531915,0.021276596,47
8bb48dc19fccaa8613b6229bf7f452a2,-12.788,0.021052632,95
c68fb906c8f4b4b946d8386bfa6e5467,-12.15604167,0.020833333,48
4c03b9dd4c11ee2cb35c96c49efc9420,-13.47729167,0.020833333,48
229c3efbfb0ea2058de4ccdfbc3d784a,-11.67193103,0.020689655,145
efcd8d2104f1a05d028af7bad20d974b,-13.8028,0.02,50
ce27a3cc3c8cc1ea79d11e561e9bebb6,-12.75251656,0.01986755,151
6cd68b3ed6d59aaa9fece558ad360c0a,-13.64127389,0.01910828,157
f680f85bee2d253556ac91be391d2c82,-12.05907407,0.018518519,54
b1a81260566c1bac3114a6d124413f27,-16.08018519,0.018518519,54
a5cba26a62b8b4d0145b68b841e62e7f,-14.07537037,0.018518519,54
83e197e95a1bbabc8c75e883ed016c47,-13.21444444,0.018518519,54
259f7b5e6e482c230e5bfaa670b6bb8f,-13.04611111,0.018518519,162
612170e34b97004b3ba37eae81836b4c,-17.678,0.018181818,110
0ef83d7d83ed97cd2a0049ac8be5f88a,-13.188,0.018181818,55
2a5b78b41cd05baeac8df54c6606b92c,-17.95375,0.017857143,56
8c16d1f32a54d92897cc437244442e1b,-14.20211864,0.016949153,118
1b8356dabde1d35e17cef975c3f82730,-13.61716667,0.016666667,60
289cdb325fb7e7f891c38608bf9e0962,-9.87272,0.016,125
6c7d50c24b3ccd2fd83b44d8bb34e073,-11.19412698,0.015873016,126
33a6f4b1e7cdc205511e76ba1b6e0186,-12.98468254,0.015873016,126
8ae520247981aa06bc94abddf5f46d34,-15.70523077,0.015384615,65
0ea22c1cfbdc755f86b9b54b39c16043,-16.09754717,0.01509434,265
12b9676b00f60f3b700e83af21824c0e,-20.56766917,0.015037594,133
cb8bcce248bb1fb274ba762d8b971456,-11.30537313,0.014925373,67
751bdc4d83a466c7206cd42e8f426b03,-11.09147059,0.014705882,68
582d4f8675b945722eda7c0cb61ba4c7,-13.33788732,0.014084507,71
d921b68bf747894be13a97ae52b0f386,-15.34987013,0.012987013,77
9d5a9018aee56acb367ba9c3f05d1d6a,-13.49961538,0.012820513,78
744dac408745240a2c2528fb1b6028f3,-16.13566265,0.012048193,83
0df3984f9dfb3d49ac6366acbd3bbb85,-14.12590909,0.011363636,88
725c32fa80c2faacc4fc88450d27314e,-11.53634409,0.010752688,93
d12c926d74ceff0a90a21184466ce161,-13.64020619,0.010309278,97
530ec6109d11eaaf87999465c6afee01,-16.48762376,0.00990099,101
822166ed1e47908f7cfb49946d03c726,-11.99185185,0.009259259,108
0bae85eb84b9fb3bd773911e89288d54,-14.5462069,0.006896552,145
seller_id,,0,1
ffff564a4f9085cd26170f4732393726,-47.55,0,8
ffdd9f82b9a447f6f8d4b91554cc7dd3,-11.46,0,20
ffad1e7127fb622cb64a900751590acd,-9.612,0,15
ffa6adafb71b807dc13159e26431354c,-12.06,0,17
ff82e8873fba613f2261a9acc896fd84,-14.455,0,4
ff4ea69c2a729e83e63c7579e4ef8170,-11.7125,0,8
ff4e2d38692ce827b1a4f4b8196e680d,-13.39454545,0,11
ff314fa6033cc68ec451c47aee2d6ba4,-19.785,0,2
ff1e15b778c700abdd4d239b81ac466d,-7.215714286,0,7
fedf2c1386e137f296b3bbf3b635e69d,-18.86,0,5
fedaedd3ca31d56ab33e92035e4b361c,-43.54,0,1
fec8cd45395b3cb0c2b173d7739706a1,-10.5775,0,4
fec6275253471ace26d209bbaa64cd0f,-17.11,0,10
feb793c88d836c3a75efa4b5a3465d70,-7.2,0,1
fe9d9cf8631285d5982c6e2cf27fb114,-13.18,0,1
fe8055980a4ff7f64ed889c2b5926929,-14.51,0,3
fe4cd9461203cee790d36792420b310f,-9.376666667,0,3
fe1b067411b8c5066e962aa146ccee03,-8.81,0,8
fe19dce63ae80346207c6c55713d1023,-21.35,0,1
fdf736c18c589ed030e058312203e1b2,-2,0,1
fd435faa3c0422b60440ea3480d0e77c,-13.21,0,1
fd312b6bf05efac6c3772d5b52205d8a,-11.92,0,4
fcba71d4d5db057f43249145e4eb1e27,-6.91,0,3
fc908879b9ca1bd65419e54e50432d38,-10.445,0,4
fc906263ca5083d09dce42fe02247800,-14.13008547,0,117
fc6295add6f51a0936407ead70c1001d,-8.39,0,4
fc5a0d7a310a7a41abf86a458585ff2b,-18.38,0,1
fc59392d66ef99377e50356ee4f3b4e1,-13.598,0,5
fc4751cfe3b279c419615b9b00c1abb4,-27.33,0,1
fc38b5dceee1a730fad8853453437fbd,-13.456,0,5
fc0b214b59a83615fea981c6424a02ae,-5.19,0,1
fb503a924a0b9db19d83dd0ac6dbef8c,-17.42,0,1
fb3cfbc8a86f5d7fbb4d36b8df63f60d,-15.948,0,15
fadb07c842a2aef5d5a676b85f220e71,-15.42571429,0,7
fac35d150712afb921ec59ac5f39bb11,-15.79166667,0,6
fac1a9017ade7bdc94058fc1c969f355,-9.322,0,10
fa8d335d68129e464e60c1826a683e96,-10.41,0,1
fa5fdc4e4bb6bd1009ad0e4ac4096562,-57.42,0,1
fa1a9dec3a9940c072684a46728bf1fc,-14.33016667,0,60
fa14641f57b655e933124a9ea49cd7a5,-11.39571429,0,7
f9f68daa2af419d38f745478bcb3da1a,-26.41,0,1
f9eedec3129e8cc6b6429c42d0808c5b,-8.285,0,2
f9bbdd976532d50b7816d285a22bd01e,-17.22,0,1
f9903dd0f812c7e771fcad47b6fff231,-17.464,0,15
f9244d45189d3a3605499abddeade7d5,-23.5485,0,20
f90f77ef2799a27f80d90c425ca944f7,-19.25,0,1
f8f35af4634605e6693c17cc3ffff5a8,-13.11,0,1
f8e2c1b59cd4225a3e4fd0d013a76b93,-15.92333333,0,3
f8d5c7085db9a4ad2b8c1ffbeb2798c8,-15.47666667,0,6
f88adb15807168d3c43d71021090ce4a,-14.16,0,3
f805b96fa705ba7995a221f1749dc141,-12.47571429,0,7
f7c31656c19db6275a8acadca289f426,-8.14,0,1
f67efa3f0b6761102a7f8c6b7b571f5d,-17.5809375,0,32
f664f98bfda2eaf266a23ff144e7a872,-9.14,0,2
f650a9708fa1bab22bdd8d3a818cc415,-20.71,0,4
f626e15b7314c267e4429010866f70e9,-15.8,0,7
f5b84683a9bf9e1df748cf40f601b39c,-45.37,0,1
f4ce8ca9fa7157e3b33f536ac9a4487d,-6.7375,0,4
f44b6f775a2b390380e0e30b5c9d3eee,-11.537,0,10
f43827dd686be3a4a80e00aa299990fb,-13.19,0,2
f435898e493ba0356019a0b1cb8b55b1,-21.00833333,0,12
f41ce2e25237f9092cd8e6e7516c7a2f,-13.56703704,0,27
f410c8873029fcc3809b9df6d0b28914,-6.72,0,2
f3b80352b986ab4d1057a4b724be19d0,-12.26076923,0,91
f3975e8a41157005d4bcbb358678cd9b,-4.705,0,2
f3862c2188522d89860c38a3ea8b550d,-7.39,0,1
f35becee938e982bd615edf8ef12bcfb,-13.19333333,0,6
f356c348fbc8df6a882823e21f5ce8b7,-23.215,0,2
f3511c85f59f8dec53d140501ee8e7a8,-9.25,0,1
f326006815956455b2859abd58fe7e39,-9.160666667,0,30
f307937c1bb287c3efc2a514b94b0d1d,-19.43,0,1
f3041c2e75ec683697a6a5ea82192210,-20.61,0,1
f26d70155c2b6326fcfa1780c8c684e4,-12.4,0,1
f266295f49a28eee21f413e0cbb0521d,-8.215,0,2
f25e239052084705e17a982bc600ab2a,-11.5275,0,8
f235413f677777a0738ff215d0184901,-32.43,0,2
f2336e113377dd21c744d9c4fc8293a9,-14.4325,0,4
f205b1a3ca9a34e0f8a228bae6e4c7b3,-9.73,0,8
f1fdf2d13186575751aa25876536d85c,-5.96,0,1
f1fd5ab1181f827ffad998c1a5de7d74,-12.06266667,0,15
f1ce5fdecd64935c28b9ff932751d0dc,-7.445,0,2
f1c1ac3f3efc07e659c035008e615e66,-12.38444444,0,9
f1b854361f4e15d5851b494df66f22b2,-12.185,0,4
f19516b9ff26bfeb091b30108db4ddbd,-17.51333333,0,3
f18112da765e0971ca5d510dec322bdd,-6.74,0,2
f12d3c2a14729ae461b920c11fe20fdc,-11.24272727,0,11
f1198c871e0171278b63f40d112caeec,-6.77,0,2
f114dca2828bf718548db175ebe2cfcd,-21.47,0,1
f0ec78809fe0bc3edb11c9fe5b97b059,-9.12,0,2
f0e103c63864d5405b958d984b6e94c9,-11.29363636,0,11
f09b760d23495ac9a7e00d29b769007c,-10.24,0,1
f049a72cf58fd31b11f8919cade515e7,-13.625,0,4
f021c962aaba8ef6eb527a9c2c8394d1,-15.722,0,5
f00f5b35d0abcacbdd863672f4bb2c1a,-20.25,0,1
efff9341f3f8f5237b44ff67ed36a7bf,-8.768,0,5
ef9952469137ff190bacafe117f51537,-16.432,0,5
ef728fa1f17436c91ed1ccd03dcf9631,-9.2475,0,4
ef30892870c278497523264be1be2241,-15.70888889,0,9
eed78ac17f7f795a19a709745f00cd4e,-12.24946429,0,56
eec3469d83e142f9a104886655338c37,-17.2125,0,4
ee2fbacc2fc3794e656cc4d933d59ce7,-11.26333333,0,3
ee27a8f15b1dded4d213a468ba4eb391,-22.28,0,1
ede2977fbaf3738583170735ca403f6c,-14.29,0,1
eddd1991bd6d9309995a480c39b95137,-7.065,0,2
edc518ba25576a0188a0e8f2c3af186f,-7.4125,0,8
edb65fe661681b1c0de8bd47c8655855,-6.36,0,1
edb58a1390adf273840030a3d6253829,-11.03,0,1
ed9eef5be0992d413d251fadba1a410d,-18.69666667,0,9
ed859002ad59dbf8cf3602696a6c3000,-27.78454545,0,11
ed49da7cadefc454d6a67de249eab240,-30.84,0,2
ed46f1eb4a638113deb2a1137b5f22e9,-12.365,0,4
ec933281fb017b5020d06df29c3f77e8,-12.675,0,8
ec5c1d94df153d473b37f880977ae58e,-21.06666667,0,3
ec21206b7894c503788a684a7bc822a6,-19.04,0,1
ebd1417732defaf66c50b5a800eb293e,-21.48,0,1
eb9267cccc90f1b49c8d2f9887c7dd97,-9.28,0,1
eb72802c83dc7547529c9546d1a9b8ef,-10.84,0,8
eb4a59a06b3948e851a7d7a830bcbc42,-9.18,0,1
eb1bf309f4f6af9a97e9ddac3fdbeabe,-9.05,0,1
eaf6d55068dea77334e8477d3878d89e,-10.21333333,0,3
eae9af4811c294c56795d70e715b7337,-7.1,0,1
ead2bab70821ea148476ae9bc08548ac,-18.67333333,0,9
eaaa46e98c9e61f6764dd1d7a2ab8b3e,-11.31,0,1
ea846a0e7ad98a741783e886d89dfa44,-7.17,0,3
ea6b12bf9ffe2bac34602ec631d97a47,-17.03555556,0,9
ea65d8b58316a6f2362f2a9e4b3e86ad,-5.635,0,16
ea4e9ce63a2134743b4a92777437fcdd,-27.4725,0,4
ea3ebea5317b0efbc663ecc8ce5e9bc2,-15.53666667,0,3
ea1776927851da2532aa70d6a32c095a,-8.04,0,2
e9e446d01bd10a97a8ffcfc4a3a20cb2,-7.6,0,3
e9c6969d40e6a3d2d0f90013165c2b98,-17.601,0,10
e9c2dc0dd4ac38448289be644ac94f42,-10.70333333,0,3
e9b6c33b71b67737693b4cfa68341c8d,-0.39,0,1
e9874ae10b2d60d43917b6bbfa13a599,-19.46,0,1
e9511df20ccd82658a30c37b7fb343af,-12.91733333,0,30
e94b64dc6979b302a5a5be1662c83bb6,-15.325,0,2
e908c0f3646e8b60375734a350d95d71,-8.22,0,1
e8ff5a6ceb895583033fc2a0f314e3c2,-12.22,0,1
e88f7a2995ba184710d339c5c4bf2e30,-12.175,0,2
e88c9b79e592e370d6bd852eeefbf057,-16.99888889,0,9
e882b2a25a10b9c057cc49695f222c19,-18.29913793,0,58
e83e93b71371817b11d78a63ff156aee,-7.726666667,0,3
e7f3bf1ecd8526eb7f3b18059e6716e5,-14.84944444,0,18
e76ecc7e9a1a1e3c6df9d2a8261c423d,-10.11,0,1
e73bf2cea7fe4b0b4d287a7568ed1099,-25.342,0,5
e732329483fd5f27367dd997b47f598a,-13.2,0,1
e72b4feb7abe210c52aa667abc25a3a2,-12.35,0,2
e70053bf73d1b5863932e53a9fa47496,-9.058571429,0,7
e6a69c4a27dfdd98ffe5aa757ad744bc,-15.3173913,0,23
e64ddbe1cbcf4f2fc3092b7c481f3f9d,-6.99,0,1
e64882b4ef12aee8d0faca4db5b681f4,-1.35,0,2
e644cbadf7eeb30d0d29f335ce7d52ec,-9.272222222,0,9
e627629ba868740e287800f1a9be81c2,-10.96272727,0,11
e603cf3fec55f8697c9059638d6c8eb5,-23.607,0,10
e601b04acf48b4576e73ddca9481f0dc,-15.608125,0,16
e5def42655b7490edac5a56fe8e9e603,-13.25,0,1
e5cbe890e679490127e9a390b46bbd20,-13.69,0,2
e5c84227854980f1db19a58958c551d9,-9.7775,0,4
e59e575a175fadcadf8479e191770425,-19.15,0,1
e59e489e2ea74bd409b798b5daf49de3,-8.666,0,5
e595809a6c31ec4314fd06ef198c244d,-12.01,0,1
e58a5b390e28abc0b216cfb0e07d27d7,-18.89714286,0,7
e5899683388855d3dabe8913bbe365de,-19.32333333,0,3
e560e4022d8f7aebf155db95946c5c0f,-10.695,0,2
e5545d4d4473876ea78c5bcebca365c3,-15.31,0,1
e546117ed9cafbc40239c0c78635c584,-9.375,0,2
e53d5b9b29d1218281f4a907ada18626,-16.092,0,5
e51f22821f0c12a16ad5c020cdcd55e9,-15.43,0,4
e503f22be6a4f456d9851920a5d9c670,-11.75,0,2
e4fc40017a6d22c46a14ac2e17f87c3e,-12.04,0,1
e49c26c3edfa46d227d5121a6b6e4d37,-18.86428571,0,35
e48b04bf1aa1ef711caebeb7aede6180,-14.934,0,25
e439f7176d763f92de325271111b2fd5,-8.436666667,0,6
e433f5fd4050e3352b5d83522b7fe24b,-6.06,0,1
e3e290b38963293022cdcd6db8328103,-10.53333333,0,3
e3d3b3efac954a60d61be70b7e05b49b,-17.15,0,3
e3b4998c7a498169dc7bce44e6bb6277,-5.4,0,1
e2c92f9c1c7746d899d18f2e158bbff7,-9.380833333,0,12
e2a1ac9bf33e5549a2a4f834e70df2f8,-9.156,0,5
e256a62e0ac58c0edfba09966142d561,-15.97,0,14
e250d617a0ad591ba9bd663e584a895d,-13.747,0,20
e21a1e8be4715b0fcfd5385643bc49c4,-10.46782609,0,23
e1dc0754bada9ee4cfe9713f22f61292,-12.3725,0,12
e1c76f339ebd5460999f25a2aa8c92c5,-14.41,0,1
e1bed63d68ac36fe1f3061befe196af5,-25.62,0,1
e1643dff33666ca629e3644c02738179,-11.63,0,3
e0eabded302882513ced4ea3eb0c7059,-16.34375,0,8
e0b162a693bc7f9eab00f783a31d60ea,-12.36,0,1
e0a3c37054ade6478d923a6efc10f308,-15.3,0,2
e0487761face83d64fcada2408959a36,-2.75,0,2
e0482f2c769468c3bbcd8a01e09d98c5,-13.23,0,1
e00d85ce20ea50c1224c66ca5050527d,-10.48,0,1
df91910b6a03bb2e3358fa6a35e32f6f,-12.62153846,0,13
df47da4ae86fa4db890d05aaf24e21d8,-17.42,0,5
df0f42bc4c2142eacf0eaf2cffd0cfbb,-8.86625,0,16
dedcab67899479e4ea5dcc4eba47f587,-4.1,0,2
debe6615cd90cc0c2eac2b8988e1f628,-13.478,0,5
de66a66f2dd06bb9ec37aa96987466a3,-25.875,0,8
de0c78824586e9a5f5f04fd84e25df39,-19.345,0,16
de09d00cfc265b8804c7df34075a68fa,-16.2,0,3
dde698c6d0bd24834c586e5111c2bba7,-14.21,0,1
ddd51ae8cda92f3995a51fc0f0f3eec7,-14.1988,0,25
dda37071807e404c5bb2a1590c66326f,-3.06,0,1
dd9661d3cda1e6feb237f0c4d8b26f2e,-10.41,0,1
dd8a29ce82d5c705ba932d81494600a5,-9.285,0,2
dd88d13bea9e4c2bf47daf224f8141e5,-6.36,0,1
dd58ee93286b0821565574c570e9e1dc,-13.285,0,2
dd5450b022b2d00a2145a66331e1aef6,-31.31,0,1
dd39ad39b5d3df33037e141c72497ba6,-18.145,0,2
dd264199fc8b687ad029de7de6d760e6,-10.43,0,1
dcf3755cefcdc158ad0b7bdde51e871b,-13.71666667,0,3
dcb7367a92f5ffb89f1e2152ed260285,-13.22,0,1
dc7192adf8ba09569261f4a8d576afe0,-16.17875,0,8
dc64d75cc406bb0697be983831430e60,-12.77,0,4
dc50afafdfa325eadc890c7fa42a8f4e,-11.0175,0,4
dc120d932ddf9d4dfb6fd68beefda622,-5.98,0,1
dbec9a0a7efeff029d4d9dce7dc4cc95,-11.27,0,3
dbc51f5e45d654ecc16cb68e6817ecea,-6.32,0,1
dbbcfe2c8d026742134ac3e28ccde274,-15.255,0,4
db7ed69a53aa9fb1c01930ba54a88bbe,-8.26,0,1
db6a4d4b5f1f5f98820ce6ce2619e2de,-18.18,0,1
db46ca7bce82b11f7e247539271fc390,-12.834375,0,16
db1f0f7c7e5e87f40b62226f020bb297,-32.38333333,0,3
dace965ca58120f92f8d742a9fa1864b,-10.36125,0,8
da6a60cc8cc724fe51be021ff8be779c,-13.31538462,0,13
da3fede3469bf49b7293ce3fc45b294d,-7,0,1
da20530872245d6cd9d2f5725613c430,-13.25333333,0,3
da03c298e3999e9d828591fc2179d109,-7.014,0,5
d9e8c084b68fe958861d8f2c21202e6b,-7.066666667,0,12
d9d43faf741ceaa8da52fdbb81d9e0e3,-15.18666667,0,6
d9cd369bffa979d1634f8e1318bf2f1b,-23.77333333,0,3
d9cb0052a666de5308b32f32ad5f1b1c,-10.22,0,3
d9c349beabc06aa6ff1c6d68b5e9e22e,-10.27,0,1
d9b00a97818674c7f8d8b1ef0e689679,-4.15,0,1
d94ba08b99bedd6a5f6c875ecc4a6fac,-12.15555556,0,9
d93b8458c6fe139d85cfa5eadbf55bd2,-18.21,0,1
d90fe2229fee1a5da999ccd0c06c1667,-14.75,0,3
d8cf3b6a2151949f930d0252b180ec42,-15.35315789,0,19
d8c7ba53e7e38711eaef8c2849d6d2e1,-17.82909091,0,22
d8bf0fc082fd4a77fc2e5679b6c00133,-4.29,0,1
d8b8f2cf9ff6ba0389072541cb42498c,-16.39,0,1
d85efbc8eff2b7adf524e2820569adc8,-8.1,0,1
d7f1cfc638473be93baedbfd02208016,-9.28,0,1
d7d517afce974cd491b8d52bb5b5b1fc,-22.36,0,1
d7ab82074b5f1dfba46db123df101bff,-21.98333333,0,3
d7827b2af99326a03b0ed9c7a24db0d3,-12.35,0,1
d73cbd89533ce8b041a9190241453ac8,-12.38,0,3
d6cd01c59123df02fc226eadbadb5f89,-9.53,0,1
d6ab728cf30867cf3f1a2e216ae2f9b7,-7.975,0,14
d66c11a9572221d92fbb8c4897db5f9b,-10.595,0,16
d63f306de130e0391d38a792541723b8,-3.22,0,1
d63c73efd41eb002280e7ec831424edb,-19.665,0,2
d598f929fc44e1e38678e7f47250ec04,-22.32,0,1
d594982fd877af63ace38ea1fca27c76,-12.61714286,0,7
d58d521f3789def2e7a22715e0badd93,-8.175,0,2
d558ebe531605a1285ab2b1bc3256dfb,-12.18666667,0,3
d52cbce9845184537284a23c3bc3da0e,-20.695,0,4
d4ffeb15b67e81ff9af2b4252d99fb7e,-12.41666667,0,12
d4f91e8be86b38da2ee35bc489645a9d,-35.36,0,1
d4f117125b59ce73c3302f88ee40c458,-11.03411765,0,17
d4e4b5192cba4e0e66eb12a9d347239d,-15.33727273,0,11
d4d99b60c4c94cd35acd502cec65dc8d,-34.41,0,1
d4a5e99e0dd915df64ba55a7fbd583fd,-12.78666667,0,6
d4828feed4cda2cd9d6b37899a95a71e,-22.47,0,1
d3e7d37c0df9aef383f3f2a15b0dddfb,-23.43,0,1
d3891911c2feae53c52fea2bd14054e5,-14.745,0,2
d36b07fd3c5088e477a72d1fccfe29d4,-10.29,0,1
d2f3e277560ed4c6361284429b00f037,-15.24714286,0,7
d2df77822373f19934e87694d8640767,-15.715,0,2
d29ba1220fb8634fa3a107e54497b8a4,-12.35777778,0,9
d297f1055de2956aedfd3b04113dce3e,-3.28,0,1
d26aa40b90272d4843d63be7c1462c8d,-11.225,0,2
d263fa444c1504a75cbca5cc465f592a,-13.05,0,1
d2572f31e9023e9850ef986a636ff9bf,-20.35,0,1
d1c7fa84e48cfa21a0e595167c1c500e,-18.35166667,0,12
d1b9d4be4b6f9ebd85f8acd6745ba612,-17.03,0,11
d197aa8fbc64087f61984deef05f6227,-10.28428571,0,7
d180e07dc1e58c31c3f0cd599dc4d945,-15.41,0,1
d149de2f383552baea37a7198c2296ce,-5.71,0,3
d0d70d21e2234dd7cd3cf63fe414148a,-18.50555556,0,9
cfd7ddab722b902f7ac5b5f3ba6d723d,-11.76461538,0,13
cfa5ab0e4d3fc212fd0b3410e7081c62,-14.938,0,20
cf654707ed6a99f112c7ec3d6f314b8b,-6.7075,0,4
cf2384dd2f1dddea3f838efed0945e65,-7.99625,0,16
cecd97bc34ed8330bd4cd15713eda670,-8.15,0,1
ce4755084bc097113867e6454f8f5e52,-10.13,0,1
ce3ad9de960102d0677a81f5d0bb7b2d,-12.44,0,1
ce33c6211beaa8fef4cae8b52db39862,-10.61,0,1
cda598c48d7c614bc1cad7d8ff6f0010,-13.18611111,0,18
cd843d4cf8ef32827de0396605163ba3,-5.442,0,5
cd52a8efd71af3336b14b5039b951cc1,-7.805,0,2
cd233f8bfa30ebfd651f47ee7d054951,-19.19,0,1
cd2169d9f31ff6fbb9ca3373b0c9e354,-16.34,0,1
ccbd753e6863fe7314dc6c0ca5a074e7,-18.26,0,1
ccada0ef508e698917a6eab263375905,-22.08666667,0,3
cc80e2f693fa6e2408f47ccf62413fc1,-16.125,0,2
cc63f0dd2acba93ffed4fe9f8e0321fa,-11.5968254,0,63
cc1f04647be106ba74e62b21f358af25,-5.17,0,1
cbf09e831b0c11f6f23ffb51004db972,-12.742,0,10
cbbd5ae8f53de5f5097cd8217b529e24,-17.33,0,1
cb9fb4ca75d7ba8437480e8dde64fe98,-10.993,0,10
cb810bd318f51b3dc3c753944d61a1fa,-26.08,0,1
cb5ff1b9715e99589f3e0c7a6afab9e3,-11.5825,0,4
cb4a705d00e100b9732d0ca34817d441,-1.95,0,2
cb32766839f443db85c82a43c4a6c19e,-8.365,0,2
cb162c8eef257253782d245c08d9097c,-7.5,0,1
cb0b3bcf14e0a709df412a99424a59d7,-9.43,0,2
cad9969167c09b48ae6f1d123f7fa68d,-10.16,0,1
cad10cc982ab6a391570c211b995c17c,-13.2,0,1
cac63f48c38cd7d002a7e846dcd99a23,-12.03,0,10
cac4e0bc1a3269fa2b6ea5e763f6115b,-10.78666667,0,3
ca7c6bd577e559472af1c699de9e764e,-8.0275,0,8
ca77545ca4d2dfd1431bf61334e2fa3c,-12.016,0,10
c9e5ad1f6647f5dbd1172adf6ae3cada,-21.91,0,4
c9d2ba8dde44a275ae06475ed1d2fafc,-19.56,0,1
c9a06ece156bb057372c68718ec8909b,-32.37909091,0,11
c97aa4ee7420f937da13b7f9e2228b99,-27.33,0,1
c963a25b8671419c6ce9eebe8fd03218,-14.08,0,1
c8e135e7b21ecbc36c1153a29d2f5a06,-10.46571429,0,7
c8cc60ffd415254af5d9b9f34f32c369,-10.89888889,0,9
c8c1bea22194a4eefa2dc9a9fa89f536,-23.97692308,0,13
c87abc38c8ed3240861729e1aeadf221,-30.14,0,1
c8771b1a10bb99bb34d3c459c5cffb53,-15.51,0,1
c8665a4dd081a2c436b1cd921079d0d9,-23.22,0,1
c84592044b180dec206770c38603814b,-12.45428571,0,14
c840d3fdbba0790404fdae73d253b253,-18.32142857,0,14
c8143b3069f6746a77421b5ce30a450c,-6.05,0,1
c7dcd301ecfe5ab7f778ac172cf74be7,-28.22666667,0,3
c7c7b2682c648339a0e9846bb1023a39,-9.963333333,0,3
c7bb64409aa480bb7d0335faaaf3d242,-16.95,0,4
c7a0a13cbcf29d5ce51c8f80afdc0b89,-13.44777778,0,9
c79151301b9d90985d1fa52879213105,-20.53,0,7
c76d418370990614e89e956c7a7567d9,-14.845,0,2
c74f14c1e26cf1bd5bd34b6a1e274426,-25.97,0,1
c747d5b92c7648417faea95d36d763e8,-14.1,0,1
c731d18cea9bf687ffee82a241c25b11,-16.30923077,0,26
c72de06d72748d1a0dfb2125be43ba63,-18.02636364,0,22
c7246702dc991a06d788120dc7544391,-3.06,0,1
c716e0b86ed568878475b60fbb6323ad,-8.98,0,1
c714262700f93defc16bf17a51a4cb23,-9.8375,0,4
c70a353f02429c00775a46a75fb787da,-10.585,0,6
c64a2aec32cc408a8a4c6d7c46017f91,-11.53222222,0,9
c6381d2d013342748761e906d45aff76,-13.70892857,0,28
c6381b1321d7d97717a5bb4ed5b77882,-7.273333333,0,3
c5f7e746b7e6d07def6c0dae9903279b,-16.41181818,0,11
c5ebe6598748b0aeaa61cfb820478b92,-18.39,0,3
c54679b132454625907c773d273d4126,-14.55125,0,8
c53bcd3be457a342a97e39e5a9f0be22,-19.872,0,5
c52c644cc0dc85121207a27013efc6af,-4.26,0,2
c510bc1718f0f2961eaa42a23330681a,-9.1475,0,12
c4f7fee5b0db50e87766f5a4d1b1b758,-15.096,0,5
c4af86330efa7a2620772227d2d670c9,-18.1975,0,4
c458e2045a8aa8964f8879af03fdcce6,-20.10333333,0,9
c447f8dd3ed213f291d65ef074a268eb,-16.06125,0,8
c43d924a0f1688ee9fae0efcd6f539d4,-31.5,0,1
c3fe93ba3085f92855c97e57f38c8c05,-10.43333333,0,6
c3f5668699a1b04c0fa61ecea1e2bff6,-4.6,0,3
c3ee2331a724e6fc02c4b698b57a73f3,-7.386666667,0,3
c3e2398fcc7e581cda2e546557bf6968,-13.31,0,1
c3e1abd72a42fe690fcd89cf5720fe29,-10.69846154,0,13
c3aad7dc65449ae90a5e9c3c6c1e78e0,-13.07,0,6
c398bc00a606d33758afd91f4e64fd15,-27.53,0,2
c394e193cda3b4225ff2094d32184849,-16.84636364,0,11
c360e4787614ed31ac7a2f95d3b22dc6,-16.94,0,1
c353f8fc0ce8344999f17d578eb69a5e,-33.075,0,2
c33a5c3c983090c8b78a28e65052a20d,-13.97875,0,8
c32fc744b9160ac853450488e3cfea93,-12.205,0,2
c3251e13f1bbda6c74e37c160f991e19,-29.52,0,2
c2d70ce2c5d0a2eb75e78668236e6dc8,-12.03466667,0,15
c2bda99904207edd1834f03e0022b007,-6.19,0,1
c286ec035ee04ba81c97508f0b5df544,-8.81,0,1
c26ba52cf8d2f34915f2f6b7ffa0a3f3,-13.38666667,0,3
c26a2be5b53b7db6b276280da212a779,-11.3,0,18
c240c4061717ac1806ae6ee72be3533b,-14.21,0,1
c1dde11f12d05c478f5de2d7319ad3b2,-8.01,0,1
c1849d4d32d7a6cecd5aa471809d3135,-1.923333333,0,3
c18309219e789960add0b2255ca4b091,-8.24,0,1
c161d1327ebc3a156c09582ab2f59f6c,-10.345,0,2
c157bdeedcbc9a8e3c8bf0d87ff24428,-14.016,0,10
c1552b1dab6e6f760950368ae61fb600,-0.405,0,2
c13fb473e7cb8b83ccd543c094df0608,-20.045,0,2
c12d7463a579237ffb9248bd7cff378b,-41.2,0,1
c113b8df1fc375bc3d73d29c1b1144d1,-20.866,0,5
c0f783394e37cd9c9d7f5f81141450fa,-12.40166667,0,6
c0f3eea2e14555b6faeea3dd58c1b1c3,-15.31,0,1
c0e6839516f5398edc34adf5f1d53d1a,-17.44,0,1
c0e0b73d039eb9a99b6ce4cb7a429cd3,-12.35,0,1
c0aff2da32c17759d30b22fb0af6649d,-17.202,0,5
c092292535a57dacd95a8765f5518f87,-16.23,0,1
c04d70d515d15a7e3db3a73320598566,-21.87,0,4
c03121937e54a93fcc1825c3098bbb6e,-15.82142857,0,7
c026ef0d72e9132d9fa112308090c8dc,-6.33,0,1
c00396cbdd2e088fe4281baa5920aef1,-9.29,0,3
bff9deb0ec77d437f3305a79cf25529e,-12.39,0,5
bfd938b22bc99bce1ae60dc602889f52,-24.69166667,0,6
bf961104a38e01b9062ee026bb657dee,-25.2075,0,4
bf100ecb7997df312b285358fb32f92c,-16.93285714,0,21
bf0045791395e66460eb04749c68672a,-21.03,0,2
bf00385a5f7fc1ef39a13c2e9ee50a5f,-10.13107143,0,28
bee36b4f9a2b9fdcaff6ec05df202ed0,-12.89,0,1
bede56095ba33c42038fb85f707b8a42,-17.33,0,2
bec568278124768c474ee90971ca94d1,-12.185,0,2
be9a160a9011f627c3e121d076c1ec7b,-16.662,0,5
be7a093e5b4d147b36b72bb1f9e415e5,-21.22,0,1
be67f78487e2cecb0d55bc769709e4f5,-16.25,0,1
be3b4b0f050a6aa1b2d901c4b77e979f,-16.56875,0,8
bdf0d02d36a1d839d0c39c4a887cdd49,-22.83714286,0,7
bdae679a9b282249bc23b9b69dae9a99,-24.10666667,0,12
bd697db56ff8e7c9cd1abeb7f72029b2,-11.97238095,0,21
bd65d163ded559eb90a10cd09fec178f,-16.09,0,2
bd4889b5e9133b35b66e42a8665cea5c,-13.52857143,0,42
bd4431c1a8dfa744b59e1e2a8bc99b9e,-9.762857143,0,7
bd43e172d599bed47a85da877172ca8c,-7.55,0,1
bd149ed516d4c5d418d5781f8e18919f,-6.624444444,0,9
bd0a1b0aadca9a83d9304f7e8ff5fbd5,-6.45,0,4
bc39d8938f90a3a2b98193723ed59774,-12.18,0,2
bc30de0d71bd6260b936a026b5cf7200,-19.64,0,3
bc2ac6b95e1accce9858528ee566c17e,-8.995,0,22
bbf9ad41dca6603e614efcdad7aab8c4,-21.06,0,14
bbf4a892cac7b82422baa711dffb8997,-28.51,0,1
bbe87dce25ba8b38bb61cc7210a3f10b,-16.335,0,2
bbd3acfe6de99892e73940d3fdceaf68,-7.15,0,2
bba8d0c234a52b87b3957037a215d1a4,-9.35,0,1
bba74270a87732727b5a3b4fd9ac1c39,-15.45175,0,40
bb7ad8a45c027be8ab075b8e465f8ca0,-13.58,0,2
bb5d956dece964a06c12bceb66b923ae,-12.525,0,2
bb3dca718920a4d7ec3cc9ffb025108b,-37.73,0,3
bb2afe2061d53c6968aa0cffa233a8ec,-9.913333333,0,6
bb135baca94c82fcb731335ad5b04a03,-23.60210526,0,38
baf15155e37ef5492731459bdc05be8a,-8.48,0,1
baeda7047354773262ba2405f97038ba,-8.19,0,1
bac692d6c0ed08467878018e6cc9c26c,-16.12,0,3
bac44fa8e13424950488659b5f765c41,-45.34,0,1
babcc0ab201e4c60188427cae51a5b8b,-10.37,0,1
bab0a8cd684e41ba6e2637dca0979d3b,-9.12,0,1
ba8e85df286308fe68a2ce83a8f8b2d6,-20.22,0,1
ba89796db68db180bd389de96b2ff3b6,-10.9,0,2
ba6b68b55fe8704377a7d43c8e5c0185,-12.858,0,5
ba5daa4041e1f15cdf34b76e3e18a450,-10.26266667,0,15
b9ec22de23f18567de0e09d776ca0309,-26.68,0,2
b9de031b671cd48b28fae9d828cbf2b4,-12.19,0,1
b9c0ffa92f3ff9a5a3d45ef7213c0842,-10.8,0,3
b9a03475e6447e631b6799ec8274800f,-20.58909091,0,11
b90e891671cffd9557f33a97dc523645,-15.62153846,0,39
b906dd0e57f282c7089171b6ed07982e,-18.615,0,2
b8a0adc91af209270c2c725168eb00fd,-12.65,0,6
b88e7c57cb2d8b973b7dd4a2bfa14b36,-14.9175,0,4
b86a47b3366e3b5424a7b225781f4908,-13.32,0,1
b8578d2d823bd8e251f6fdd02b40902d,-21.50333333,0,9
b81e3a6c866a764974fe849821abeebd,-6.057272727,0,11
b8114f2f589a6804810f04f99b36b498,-10.54636364,0,11
b7ed9fb14c8eadb37adb9c45d67ab0fb,-14.02272727,0,11
b7e1750c1157341d2abd0251e07c186b,-18.63,0,4
b7d5b4b87af9d42b601865d3f3810bff,-20.59,0,1
b7cc6c5e001441ae8cdd5c69a480cbe4,-13.77,0,5
b7ba853e9551f4558440881fd3e5c815,-25.36,0,1
b77a27b1864483e721dc831d5ba4afa0,-20.26,0,1
b76f4d90e85657a240495c876313adc5,-5.4,0,1
b76a1f8356322f12529c37b67d5c96c2,-10.358,0,5
b6f52e346160519c24a23af05410ad32,-2.05,0,1
b67d6c666e8dce1d078c882825e12704,-8.57375,0,8
b5f49fe968dff6b112861e6cd8e192ef,-13.24,0,2
b5f0712d22a873b6797ab6cc65c3fcba,-3.22,0,1
b5dd7151a92ccaaa282cbe9681a05f44,-5.14,0,1
b5d034ac251546e25afe9067f05c1539,-18.19,0,1
b5bb2b985208834bd5bd86c7a402bbad,-18.255,0,2
b5b800c4065bebf4d3442311c9857344,-2.02,0,1
b586cd24c010a13916af621b0325fbba,-14.03,0,7
b45d7ebfb7378630f1bcd74b6ff86ff7,-11.66333333,0,3
b452cb0ae35044c4a53179c39f49fb06,-8.14,0,2
b44dbfbf62e52125f3c15d230569ea91,-8.32875,0,8
b416191c9813d821a295cfabafff4161,-7.615,0,2
b3f19518fcec265b2e97af287725f981,-12.28,0,8
b3e2faf2c1004d674f16a3aa3197f0e1,-13.22666667,0,3
b3809b8d4394588a47c8470ea331e135,-7.13,0,1
b372ee768ed69e46ca8cdbd267aa7a38,-18.64173913,0,69
b347677812ea483b0f528eaf8cbc09b7,-16.29571429,0,21
b2f4d63c7203f539a78252565ca32257,-10.06,0,1
b2eecf5ea250510da76590ca79d60e5d,-12.29909091,0,11
b2a6d334e2833acea353624840e25a0e,-16.28269231,0,26
b29d3380981c51df13fc6fbe87e1763d,-8.88,0,7
b274baf5bbd142410eb2958cf685d684,-22.01571429,0,7
b26741d31a563d769b4af0465ab20c56,-17.595,0,2
b1fecf4da1fa2689bccffa0121953643,-20.6355,0,20
b1ac6ea7895bc3dd6f0f6f4abbdd2821,-16.11868421,0,38
b1aaae6b66ad3c40f54b389d7ea4bee0,-18.84529412,0,17
b19c48688808720822399ffa9f2dbe2f,-16.1,0,1
b12cfd255810394b60caef18ae163547,-15.3,0,2
b1204cfda1d4948679db3cfc0d3cb95c,-19.98833333,0,6
b0f2a6122a90a93eb03e68653dd960e3,-17.11285714,0,7
b080809eaacb49e5ca07290981472431,-9.669090909,0,11
b05b432bf68945d4d9783f9e3ca29ee8,-15.765,0,2
b0398568231ba5e6734af1881671a317,-12.22,0,4
b026643914f651e8371425e5b8a1e780,-14.15,0,1
b01c2b7b8599b325103ebcddc67413e1,-9.4175,0,4
b00af24704019bd2e1b335e70ad11f7c,-19.43,0,1
aec99834ab5d38ead22766ada8497e87,-12.02,0,1
ae9690c6e8fee182c28c9ff8e11ca52c,-46.54,0,1
ae8bfdbf1c2a2a2dee92d799db0a31c6,-15.1075,0,8
ae7ab174effdead6c241e547e4ca13f0,-9.811428571,0,7
ae45df84722b1d15c5f32b23a095746c,-14.35583333,0,12
ae45ad30c2d2e5913094769690a239d2,-14.24,0,2
aded58c8142dedc5494a81f948431fab,-13.864,0,5
ade45994b717ccee333492330fbf037b,-24.484,0,10
adbe70ab2c97442046d393988c8d1d27,-7.972,0,5
ad8b531ae67582f096925cff5630d0d1,-10.655,0,2
ad87df7699e83b8a91822a4a0b765c3a,-15.87833333,0,6
ad75519a07f039025e83795a4418470f,-17.84,0,9
ad273c9eb54ecb4532de4bf75bae9e4e,-12.17090909,0,11
ad14615bdd492b01b0d97922e87cb87f,-13.68,0,1
acf974e4d5950ad143a247471b831eb9,-15.28416667,0,12
acce39e832338debb07b02385cde5967,-9.629090909,0,44
acb6c2ca5c82411c1fdb88d5fd5eb95e,-15.21363636,0,11
ac9b01377919cdbd2a1bbb8d5837c70b,-29.42,0,1
ac51cac5e20d69ff485a54746488ef48,-9.783333333,0,3
abe021b01ba992245271b9aa422032df,-30.365,0,2
abc015ebac1d283a323ca9db35ede4b9,-14.28692308,0,13
abbf6046bbdf1028606a5bc7f00c99e7,-16.40833333,0,6
ab9db4cf53b08b828b64dccaafc2d9f0,-18.8525,0,4
ab75b89cc49c9ab3160d0c91565a442a,-23.23,0,1
ab27bbbad5239bc31a34709275a70db4,-10.85,0,11
aae5e7b457a3c72ee230a47d98fceda5,-18.39571429,0,7
aae5953b9edddf14749c0d65d60eb4b9,-11.7,0,2
aae3bfea055532c57fb453ed3ec80b30,-13.4882,0,50
aadfe0417e61315688b6bd7043361e25,-15.15,0,1
aac51c486b672a9850d59f3e84b1cf88,-6.984615385,0,13
aa8af66c623d7d544dfe4bb85b5ebe3b,-17.17,0,1
aa2640d851ec322526f1295bbeb20092,-4.15,0,2
aa1eb17b9fdf6dfd546e25c45c7b9235,-8.4275,0,4
aa17b35ce4de7b565be3249ba838944f,-8.81,0,2
a9b533a26e898b12e8b8d4c07279bf4d,-9.665,0,4
a9ae440659f48b7849df83e82734150b,-31.11,0,1
a99504ac23ed125aaf5302af6cc30af9,-7.13,0,1
a9415cf907dfa12f9ed18693244f5329,-14.18,0,2
a90a5da8b09e44264a177c0374a5ac87,-16.48333333,0,3
a89e143d5211473ae18db9577ee34b64,-6.28,0,1
a81466620e46a6970b22ef40379fdfc9,-16.295,0,2
a806a4bb063ea7ca6d374eafa50a6058,-21.71333333,0,6
a7ecf689b40a44361e259b28939023e4,-8.16,0,1
a7dc4098e4da6e41b426269d12ae7e91,-5.556666667,0,3
a7d0f8dd44f57ef6de7f7f02e3d82630,-10.195,0,2
a7c88262832dfc683781d6a421edefae,-11.366,0,5
a7c53f6b3b61adbdaa99dda97e8cbd56,-9.31,0,1
a7b7354cc588f7566a848bcbb1ce3d96,-6.345,0,2
a7a9b880c49781da66651ccf4ba9ac38,-11.7675,0,4
a72f15980dc3e9bfd1a49ac9b2f3af65,-13.18,0,1
a72c2f59332659e361d647515c698798,-18.22833333,0,6
a70e9066dbfd10b6b97a3f54a1356762,-8.045,0,4
a69aa24cec11168e7e39a3fbc727e925,-8.886666667,0,3
a663d9c3797e90eac99ff60939416a56,-6.08,0,1
a61cc04793308395a840807104365121,-9.23,0,1
a5ff20ff766e7f50bd5066f33da14413,-26.115,0,4
a5dd1946fb63ada8bcaa0c9cd8f11e22,-8.524285714,0,7
a5bff0f43eb51f0cad7c37fac7244c8a,-12.382,0,5
a56a8043ebf66e42119618fb8cf232c6,-8.24,0,1
a53f60f05f822b5c621a50ff6a5cb362,-19.405,0,6
a5259c149128e82c9d6d46e0c1c812bb,-22.7725,0,8
a513150f33f99a06569e9cd5c4bb889b,-14.225,0,2
a4fc6eadaff1576af888509a53420f6a,-5.25,0,1
a4bd6e9adf39b63f43dc545d3ca1f53d,-15.232,0,5
a4b8d97cd5d3674eeff96abc99d8ed67,-15.38,0,1
a478c7961d6a992065b24e63b366f90b,-16.30222222,0,9
a45765f8afb1e594b22bf9e974b46765,-13.42,0,1
a45314082d50d578a4721c9787ce09ab,-5.205,0,2
a425f92c199eb576938df686728acd20,-13.95888889,0,18
a414555ce331b8c8aea4a9cb8395194d,-11.3075,0,8
a3fa18b3f688ec0fca3eb8bfcbd2d5b3,-2.31,0,2
a3b42d266fa8afc874b909422ce88582,-3.06,0,6
a3b0df0065e264a91b7bbf5f844af5cd,-5.69,0,2
a37c340b91cb0169e8b029db6440fba2,-11.654,0,5
a36ac007a4d18f865c8d32c3b2402c2d,-22.68125,0,8
a369d693961cb93b61ca2cc518872a85,-15.04277778,0,18
a35ef466c6fd6d052f5d241240d3c5e2,-19.94333333,0,3
a353b1083c9863d756d9404695016d64,-7.3,0,1
a35124e2d763d7ca3fbe3b97d143200f,-11.77285714,0,7
a3082f442524a1be452e3189e003b361,-11.555,0,4
a2fa0bdc798ee84cdb08281337cf4fb6,-6.128181818,0,11
a2deecd5398f5df4987110c80a1972a3,-12.93461538,0,13
a2b911e9ad40dc7d61c142a4683e2d85,-15.48,0,1
a2a41aedb70551d4a85aa04dc2fced48,-13.62,0,2
a23266650e7c84bb93fbbba502137478,-17.921875,0,16
a21c11ec5c3f03e7cc9f9203bff9e1c6,-13.7525,0,4
a218df5c097b0ca409cfaac1488cc7f6,-17.5675,0,4
a213f1bd6458f4a158f3746cb2514559,-25.97,0,1
a1bea9970d8f65b240555f99c2214f7f,-12.01,0,1
a1544b9ea0b2390e020537d4daa89049,-19.37375,0,8
a150c540f572d0fb53992264bc5c10b5,-19.21,0,1
a1040efe9ff4a6f93c28b0499eada8f5,-14.13,0,1
a0d7fbb07bb5ebc3b05980e750db56f3,-11.29,0,4
a0a14e50070f3225b3eabba5b85da517,-11.885,0,4
a09a13f18ed27932d08438aa6f12756e,-22.28,0,1
a08692680c77d30a0b4280da5df01c5a,-8.362941176,0,17
a080fc8a850289b27500f6b49cca2553,-8.66,0,4
a06c8ff043abea0528ee44171e2140a2,-10.18,0,8
a0415d9b25ede3c4b1e477e9916ffc03,-16.98777778,0,9
a00824eb9093d40e589b940ec45c4eb0,-14.36333333,0,3
9fe7c6641c79970ab48185498f547c09,-16.21,0,1
9fc70243fb26800cba56e8f014797004,-10.61714286,0,7
9fbd5666d8618fa571c4230fafa09bd6,-5.1,0,1
9ed65337433adfbedefd23dd76eaa494,-9.695,0,6
9e94fa26a70ede4d26226e918e8706a2,-7.23,0,1
9e7c5f4d7770eab65738cca38f9efccf,-13.265,0,2
9e25199f6ef7e7c347120ff175652c3b,-13.38,0,1
9dc79dd988ac42f4d56c340d7048420a,-9.1675,0,4
9d69ba0a7a626a64dc5db08e529559cf,-2.32,0,1
9d681c7e12db302cb261e721040dde65,-14.75642857,0,14
9d5604a1f112324ad6b2aa552122e0fb,-13.41823529,0,17
9d213f303afae4983637247556438ede,-11.58,0,3
9cf787a239c1aa29dbd76f153dc13f9a,-16.6,0,4
9cea4682e16655f7da87f406902e989e,-22.07888889,0,9
9c690ceacd5c66731bf443ea810195cb,-16.63166667,0,12
9c54608f0996c32ae4743089d915f845,-20.01,0,3
9c4d31c7e46ab03a43fc06e3142afd4e,-7.35,0,2
9c3c24eca51c52b91c1de727d2a2ae06,-23.48,0,6
9c3a1c416c765687bc79a04113269929,-10.95,0,1
9c1c0c36cd23c20897e473901a8fb149,-7.108571429,0,7
9baf5cb77970f539089d09a38bcec5c3,-17.3184375,0,32
9bade61a92bed55a25d2b67b9f4ed739,-17.26333333,0,3
9b76ad3d04236f76bc71c59470305e13,-10.33333333,0,3
9b1ab052f5fca308ba743ac789ebb2e1,-16.025,0,2
9b1585752613ec342d03bbab9997ec48,-5.63,0,3
9b00cad94ef3078faf6fba2e792c158f,-15.1,0,1
9ac4f14370b1e24ddc58be041b7f99df,-14.562,0,5
9aa388272ee334b6ae07bc73706e254a,-15.51857143,0,7
9a84ba99f5367fdbd4598363496f1ea2,-21.68066667,0,15
9a1aea68d3efa00862ec88c0768037d0,-10.89,0,8
99cd94252748d2bdde08e17858233602,-16.88,0,2
99a25c39b28a74d1151c35c18d178292,-9.2,0,6
999f6d9a1c7c81f43be44c6b7d076210,-23.065,0,2
9996ae921c50e8dff411ac69c0b4bb8b,-4.706666667,0,3
98f52e1020fe788c10c0418de4393fec,-12.1,0,1
98e164d549402270247f3c96a1a158ef,-10.22,0,2
98dddbc4601dd4443ca174359b237166,-9.695,0,2
98115075dd26cb8835946fc6086f5d30,-6.3,0,4
9803a40e82e45418ab7fb84091af5231,-20.68388889,0,18
97e995629983723d11830a829bc2b246,-18.606,0,5
97e50a621f8e801f4baf69e08687c192,-4.27,0,1
97e4a63591ca439a2b8b7efd20e6e19e,-11.904,0,5
979e9f8b5b39dd243a2550c8b05aecf0,-12.7625,0,4
96f7c797de9ca20efbe14545bed63eec,-13.15,0,3
96e5dc09087bad639b4ee193104ec2e5,-7.68,0,2
968ee78631915a63fef426d6733d7422,-15.865,0,2
968268a686aa05d1f529fb07dff08130,-11.0325,0,12
964ff64dc05b13811c6d0f41e0aa5f6b,-13.37,0,1
9616352088dcf83a7c06637f4ebf1c80,-14.6471134,0,97
960945e1a9535cbc0cd6ddd35fbe7ae8,-9.338275862,0,29
95cca791657aabeff15a07eb152d7841,-25.31,0,1
9599519be538b98748162a2b48248960,-7.05,0,3
9558aa23f77a9e0a0eca83540999f43b,-1.65,0,1
954e95f20808d7e5d11f0de292d078e0,-13.695,0,4
9535a841eecebed61a9fb1ac1cbb5597,-16.935,0,2
9523fb39dd240aa958e040f8183d64f3,-16.2,0,1
94e93ce877be27a515118dbfd2c2be41,-10.92705882,0,34
94d76e96eedd976258cd3278ce56d5f2,-6.48,0,1
94ca168e8bcb407ab85c5da308863027,-7.67,0,5
94c49f20a123aeb9360dbf80ff912bf6,-12.99,0,3
94231344608e603693b0a8891143f65d,-15.14,0,3
94165aea8a35c3c21499cbcae239b16c,-12.09,0,1
941554c5757b73ba0e50aa7732310afc,-22.9825,0,4
93bef6edaa84956e8e575016449b6351,-20.16,0,1
93b9a99027bd8bd6af682aff18dd19bf,-16.793,0,20
939f6e231201f26803cb5c3a3d2940b3,-47.3775,0,4
939e6227d6964a11a70aa91243e418f2,-6.3,0,4
934ed5cd1b9c1c7382d0a94a94b9e639,-31.32,0,1
933446e9a59dece7ae9175103820ca8f,-65.32,0,1
9315e491484b1b0081ca166fc164108d,-23.11,0,1
92d14edfb62ee5ae7fdff70b0f4e7233,-11.42461538,0,13
929f342384a6607afe143d789ade1316,-14.46,0,4
9261d76c62caaf0b24677c2ceb7f8f20,-16.76285714,0,7
9200e6ce317b67196b6b0bad4d4bd567,-7.27,0,1
91f5779a8731baca4809fdeade81803f,-12.03,0,6
9198786624eaeb375793215cad26cfa6,-18.36555556,0,9
918f6fbcf3ab724d805867303e593a1b,-15.02,0,3
918717417d88a9f9ae9735567e6c7682,-12.6225,0,4
916c9de0b5ad957346eeeb12f332687e,-18.41666667,0,27
916748bc99315c2d202898ae58b1617e,-9.0775,0,32
91543f9849d68d023e17194926598543,-17.845,0,6
9140ef75cc8211c4035935e80e567204,-13.03,0,1
9140bd1d9de28b197dce077bdd687438,-7.43375,0,8
913fd0ebba70bb919f7254a02239173c,-7.31,0,1
910a922b426b7ff95eaee129ad6c0e1f,-5.665,0,2
90b57083da5d803237da74daec6dcb2b,-18.225,0,2
90b36c5aeb728d5504a39f435bef0c5f,-9.3475,0,4
902c99f1ac505c0d18778b61bcd636f7,-2.766666667,0,3
901b460cdce0c64e471230d7f2f9f3a3,-18.202,0,5
8fff28c4263ddec387f28d237fb42773,-4.4875,0,4
8ff38bc3969e67c36c48343a07090f66,-10.11,0,8
8ff1a9df749e454105c55cda13e79143,-9.295,0,14
8fe8786ee000001ab51d030dfd4a7bf1,-20.828,0,5
8fd3b4468f6425810648177996c14cbd,-18.54,0,1
8fbd63429be6d3e5e6d1a709b6464802,-19.56875,0,8
8fb791022c1fc8909664f48ab7dc636d,-17.256,0,5
8fb67a334bacec338885b4e9e1708073,-10.25,0,1
8f2b51a30523cdecddc2f179f351c7d6,-16.6725,0,8
8f0fbe2cd4d472157dc1cdef6edecaa9,-10.665,0,2
8ed8ea9a57c862f2c18c2fe41f601d56,-15.12210526,0,19
8ec76bb0965af3f007692b26fa9d6623,-12.04,0,1
8eb88b0acb3f90a717ad659221471fa7,-17.17,0,2
8ea394aed8138685abe1eb9f25e1021d,-8.755,0,2
8dfbc5ff27df12f6cef751d3b9554222,-12.0225,0,4
8def3db7f272735afb2ecd03aeca09a7,-8.765,0,2
8de8fe3af4449ed695d2434c933ed73e,-19.28,0,1
8dd386be0767c330276ea6a3f96532d3,-8.82,0,2
8d46553a36e68f95350a200c12f8f2e2,-11.03636364,0,11
8cf21434553b02cbd37c0bbd07e041b0,-14.15,0,1
8cb7c5ddf41f4d506eba76e9a4702a25,-11.03,0,1
8ca5b19e0263150d2c57afdde2b3d011,-10.675,0,4
8c9348f33ae3dada25c99c99ade2af78,-19.165,0,2
8c91bfea4263b8fba54081460693e2a1,-17.565,0,2
8c5e007d7bd5693fa1386ffefbc99f6c,-14.2025,0,24
8c351ed7c326c62123318f4f3246e906,-13.725,0,2
8c0de775f52fe41590b376a3b7c50f68,-10.7825,0,8
8b87cd0d43d49b9bdf40f56229364d59,-6.68,0,2
8b2d4ab22f42c5cfc338b846decfda60,-12.65444444,0,9
8b181ee5518df84f18f4e1a43fe07923,-21.05,0,1
8b11118053756a9a2932f447e11fc1b5,-40.15,0,1
8ab42aa58097fd4668d60cc648225d5f,-16.705,0,26
8a8835a43bda99fd37310ad76c457510,-3.27,0,3
8a87611c08849ffeeccab52aa798b6c7,-29.48166667,0,6
8a43128d7f9a3db592b866e6861a6cce,-21.23,0,4
8a2d12a90e92f012ce5226fc6592b653,-15.17555556,0,18
8a1ff5c35f6595a73fef4c7b96e4908a,-18.67,0,2
89de2d6f23e9746ff309705b23581faa,-16.0875,0,8
89dda63a3c907c468ec88c310ed91213,-5.16,0,1
89d9a386b0b6e5fc8403071b03f7206a,-16.916,0,5
89c127985a8b130cfa45c1d36764017a,-13.675,0,6
89ad3263c0931c47f976d7c5778e60f6,-11.765,0,6
89a51f50b8095ea78d5768f34c13a76f,-11.80454545,0,11
89757206b887aed36f3e18d858460fea,-13.695,0,2
8936ba0de1073ee888cb3185ae5dc661,-9.44,0,1
88ef59b51bdaa941d10a853429f2b6ce,-17.085,0,2
88cf19ec1fc2c58f161aee259d57142c,-12.58428571,0,14
88cd3681e0a2ba85e190f7d817629c4c,-8.1,0,1
889009a0ed0bb52c87819941192931b8,-23.29,0,1
888faa8bfb0b159c37de6d898b961c31,-15.22695652,0,23
883dd81e82754ac2c65e9790a7db8c9a,-18.008,0,5
880ce4951cf857ab1d9e0b75c1d856f4,-18.07,0,1
87f3e35268860433e13d577825aada95,-2.65,0,1
87d73636a3acf123e842bb890a4db036,-2.36,0,1
87b4428a334b8f676fd9a7f3bf544fb5,-23.26,0,1
876182d1918783bbe15233febfbd4926,-11.58333333,0,3
86ff3eaef0267069cc891a2ed9d10a17,-16.46,0,7
86bf77bdb52e615674772d5817c6212f,-14.352,0,5
866558b3bccef2dbc6d29a2b5995016f,-12.54,0,6
8603f0038fe0e52fedd3382d266723de,-11.148,0,10
85e7c62c1d6ea078c3897424f867a7c8,-19.89,0,2
850857dfac77488c307e2b1cbd84ab5a,-25.2,0,1
85044848b1b767db2a4a58526adef4b4,-11.2725,0,4
84deb808079d1be601c209c1e771b1cc,-10.785,0,2
84c945f15571830c1a91a33978e94009,-14.88,0,2
845e8036c3f7bf62099352f5ed910240,-12.76791667,0,24
83c8aafbefb034674a70de0eac5b8954,-15.76,0,2
83c465a786b06574376909b35ef6752a,-20.95666667,0,3
83a75eea11694e36e56dd0cb2240229a,-13.88,0,3
83645b1645cdee8953ee54c29ceed564,-13.24642857,0,14
830379336fad8c6f3b15a4a3ddb5c66e,-13.78,0,4
82cb9f452fe8334df74b22d37824b431,-16.335,0,18
82921991ff5b557b045605b8bbf08d49,-12.1,0,1
822b63912576852aea9a8436d72317b7,-25.37,0,7
820c7c9eaf76d2b226b6c242bcf3f34d,-20.51,0,1
81f89e42267213cb94da7ddc301651da,-9.049807692,0,52
81ed90f07c0bacb7594940ba2ef676aa,-6.065,0,2
818d28f936e791926d33bcb6ee94ef79,-20.3525,0,4
8185694b58b2ba6de20fd41ae608bbea,-10.07,0,8
817f85dbb65aa3e70831d90fe75cdf89,-24.93363636,0,11
8132b9bd16876e1b0f8808d43825dd48,-15.42,0,1
80cfd480be3eb6d6267139f5cb793555,-26.31,0,1
809413606dbfe5deefd2db646693ef67,-7.336,0,5
8060d731897e33b5c5ae575ce1e209e1,-16.254,0,5
804287717b9156fb7a787acd9af4fac1,-26.35,0,1
800214c63934acd05d47e84214db8ba8,-14.28333333,0,3
7ff588a03c2aeae4fbd23f9ae64b760d,-8.82125,0,16
7fe21dd00d2f4943ae09525efa2fd674,-11.38,0,2
7f5e4d5efad7e44b91115dd1decb65f3,-8.055555556,0,9
7f35f9daf223da737b78738fbae4d977,-19.15,0,5
7f02656561b680def9986c0795a8a080,-9.27,0,1
7e79d65b5c6f1f544b7daea036acf720,-14.0675,0,4
7e26c750b4cb9f6766f58265ff9ebe95,-13.4,0,27
7df1fc11cc5cbc518b39faa60cf5d67c,-12.874,0,5
7dea6f73af847b42cc3985bd620f994d,-10.68,0,2
7dc9a3355bae96dd82008b313d3a456c,-13.19,0,1
7d948535954aaf8c5d39db007f74372e,-8.55,0,4
7d81e74a4755b552267cd5e081563028,-5.23,0,1
7d7866a99a8656a42c7ff6352a433410,-7.45,0,5
7d294cf9a6a69dc6a0c3e540fff0e039,-17.072,0,5
7cf4ea70955b00d6b3c22542598e2715,-10.31,0,1
7cb946b1ad19faebe28c3e86c2794ec3,-2.97,0,1
7caa63f175b1cecbfaadd8b5ab9998c7,-21.13,0,1
7c9130f5f3729edd32aa059141d92484,-15.4925,0,4
7c51de0ab286204ce75ff42bf7c10d92,-15.3975,0,4
7c4402417d51474d4d0cda9557340e40,-27.19,0,1
7bb8fac2913a6064ec412e583c6d8b4d,-22.53,0,1
7b98de631987e26dd6d803490c43a13c,-11.7975,0,8
7b3f6ce5c6c22e9b96e7581ebf0df6e1,-14.26,0,1
7b3447b497e55af8c15fc7bd89d7b81a,-12.08,0,1
7ade73f1b9b4e965f9009a4c3a7e2c15,-12.83592593,0,27
7adbd3210a7b3cc2235e225eef33574d,-15.40666667,0,3
7ad41305e96a6cab8294cd65891e9a86,-14.39,0,2
7ab0dd5487bab2dc835337b244f689fb,-16.51,0,1
7aa538dd6e114e503a2e6154ea352253,-10.826,0,5
7a9c12e235c36247c3c81f50d6ea9cea,-27.904,0,5
7a704e63bb29c446869efde5d57524c8,-18.89,0,1
7a2d2949aea47fab95fd98d6c9f618b1,-17.2125,0,12
79ed755314cfe6df0daef2c6cd3022cd,-12.6216,0,25
79b93a308a97792cf53ac75f46da00b5,-2.06,0,1
7994b065a7ffb14e71c6312cf87b9de2,-21.73285714,0,7
7994081388d55b9cf976c050653dd359,-19.43,0,1
7963e546f34e098b578f9ad102494601,-7.09,0,1
7957cac1a02f45d0a4a7e45626382ec2,-1.25,0,1
78ef7e885d17f35e2382a47aae8b8cce,-19.46,0,3
78ba5933c21686d1c2f64669c8c459e7,-13.455,0,2
788f22bafdd7ab0e1e79f19db72f16a4,-5.17,0,2
788e857f317e53de488d393e65a80f45,-13.11090909,0,11
78813699ffac347fe27dba345a5f1551,-28.07,0,1
782f78b632a43875dd5b53e3e49c9564,-13.41,0,2
7816cd9c5b1238e320545f5bf7eb80e8,-13.2,0,1
77fccaae319668a8ab6cd0fd16aec48c,-10.77583333,0,12
77e4abfd739aed9c46480f90f81c0eb4,-14.83222222,0,18
778323240ce2830d68aab11794e00bfb,-6.656666667,0,3
777a0c55737f34ffeb78010f7542ab41,-9.258333333,0,6
77714512e8d4dda9c234da8e3faf16e4,-7.928333333,0,6
77128dec4bec4878c37ab7d6169d6f26,-6.16,0,1
76de363de16dacc923eec8daf91df504,-14.125,0,2
76d336555bb25f3165d2f0d6da719c40,-29.68,0,1
768de2a4fc06aacecb9a586ccc30746a,-11.82615385,0,13
76833248bbc0e65a0293ec62023e4396,-5.885,0,2
76623fde66e6b63b59440fd34160512d,-12.63,0,3
762fafdaa57a532ee0119731697579dd,-12.638,0,5
762ed976527cddf02787edba70fffa2a,-21.1225,0,4
761681a821d8275bc79f552116d06869,-17.20666667,0,3
75fdd0a732287f9497b179f6bd445d32,-17.1,0,1
75a4764c108403a7a0575140cb22287c,-17.53555556,0,9
75745ef7bc7d4f3ea3380f6f5303f514,-20.79,0,3
751e274377499a8503fd6243ad9c56f6,-5.08,0,2
74c7dec0a384d8a05950e629bd23bde9,-8.39,0,4
74bafed391319577bce6f4d2acc0589a,-11.87666667,0,3
74a9b9bddf14ece02beb81f52c41a88d,-12.13,0,2
749e7cdabbaf72f16677859e27874ba5,-6.24,0,1
7494d0dcba8551df6cf37f1b905dc2f7,-14,0,1
74871d19219c7d518d0090283e03c137,-7.108571429,0,7
747e73c01a4593d4cf60dcf970fd2689,-29.15666667,0,3
747c1cdcd1737dcfbd1547f6eb6f2cf3,-14.245,0,2
7402d13c03a7e91366337cd1de471144,-10.47,0,3
740205fedfe4e90ca6857bc77db0f2b4,-30.39,0,1
73da1880b39c71de2b262bc7720c1494,-13.285,0,2
73b8eb4a9a729d4019b24ed1be748cbf,-6.705714286,0,7
73a63f72308aa20a46f4b1632018f196,-14.664,0,35
739c7d7be81f63812dea0d1b1451c651,-23.35,0,2
7354220fb240bde543b3c40c060d41e7,-14.94857143,0,7
734def04b237117a09321dd6d8f3f2a2,-15.635,0,2
731ef20c231d9a7103a425e83fd91271,-14.56,0,3
7315baebc0572ff220d226283dc66728,-11.925,0,2
72c73be2b085b9d57650dd53eb2004c9,-12.18,0,1
72c38a04bd6a1c3dbc5298425a0db86d,-21.194,0,5
72bc2cce903c872fe376a8faaa81d237,-7.812777778,0,18
725af026f869236a8dd0ceb98564d156,-26.046,0,5
72431a818f97fe6ab9c81eee3e297e54,-14.09,0,1
723a46b89fd5c3ed78ccdf039e33ac63,-29.04,0,1
7238f877570096ae403c51898fa64566,-15.34333333,0,3
720e6cf846ea7572cbb66b743fb91e6c,-6.34,0,1
71dc18fd8cbf5fd77f45dd8b427abb34,-17.75444444,0,9
718539d38d07dd351c76db862760e2e2,-13.40139535,0,43
7178e1eaa97257d8b6d4b80efd77a025,-9.2,0,1
71593c7413973a1e160057b80d4958f6,-2.992,0,5
71592660bbcb6a4664e97b6f8b68babc,-10.70857143,0,7
713e3a23ca5e47786eb6f0d99f94cfac,-19.3725,0,4
712efd3b68f9686dc856b84abd0f21ae,-1.23,0,1
70f84699be677ec988d1fa824aef7d90,-9.734,0,5
70f7e8018e3d46c748c92f026aa2585a,-21.31,0,2
70ee69419916dc13e3aed619061f996c,-3.11,0,1
70c4eedec9cb4a85cda2f3f9673557b4,-16.3,0,1
70c0fda4c313d87115644d39e62eec60,-13.47,0,1
70bf57d811208f8923b41bbd499a67a4,-5.927142857,0,7
70b52a4cfc823994561b00bad161b4ed,-25.742,0,10
702835e4b785b67a084280efca355756,-22.52,0,1
70126eecc6aa1274392a1743866e9678,-11.47,0,3
6fa9202c10491e472dffd59a3e82b2a3,-8.743333333,0,3
6f83d9e4da896daae20b9b6b2d3ff8d2,-14.29636364,0,11
6f835fd4be26989b1b064399da346143,-20.39,0,2
6eeed17989b0ae47c9f11ece6f38ea90,-12.43333333,0,3
6ebf4eceee4dd9847201c82e77ef8123,-4.01,0,1
6e4f5ff6b086632ba8dcb558fb10249e,-16.308,0,5
6e1862e15f33d9994bc25922a85e1efc,-19.20166667,0,12
6e13dd869aa7185f601c941423abcc8f,-11.56666667,0,6
6df688df543f90e9b38f4319e75a9d88,-14.65072727,0,55
6dd7dce75cd55c1ce255dc38d9f0cd46,-19.16,0,1
6dc9bec584588412a6a338830946a3e4,-43.7,0,1
6da1992f915d77be95d7fa48b36904af,-23.43,0,9
6d7f8d9d594e28796b6b3205b00f459c,-4.43,0,3
6d2f2e3b539480db1e0842b3a4e32e6e,-8.271666667,0,6
6d22a1fcebb6dd08c9cd90b92a93e8d0,-9.453076923,0,13
6d1b9c9579132c87d2703ec38c30f2c5,-14.9925,0,4
6c99c983ce3b6ba0ab813e6790e81691,-15.01333333,0,9
6c9875b2f94ba781186f0c1aed8d1687,-15.7875,0,4
6c77cd583b36a13aacccf2b3ee23e233,-11.07,0,1
6c6e3d67f969468f3bfd33f827a31222,-11.22666667,0,6
6c6cc59a5c00cacc5054ca06d65cc282,-16.24,0,1
6c1b6d0c604b776f844125f911eb7377,-14.39,0,4
6c17baf138731a4aaacc3210adf2037b,-6.822,0,5
6c12e40690c335dbc2f68a4134d30dc1,-12.72,0,18
6bef34c5be6f2bbd70aa5165f6df94b1,-9.485,0,2
6bcb2352a2a0c38b845f598298ab9d26,-13.23,0,1
6bbcb8924baf70b7fe2fe2097e8cd407,-17.88454545,0,11
6bb66d9870c2e01c05655c7ed0e7ee13,-14.50333333,0,3
6bb62a4912377c7bfe7cb17b406bc7e6,-6.525,0,6
6ba4733aa33f6386e9fb0c0fd3993b38,-10.58666667,0,3
6b9b80d53ba3676eafe60268a810b5a1,-14.49777778,0,9
6b89abe95848c850399130d149a39b63,-12.9775,0,8
6b803197e03abd5056b4313306b4f29d,-7.486666667,0,12
6b2612338467c08c9b25f0cc55b1578d,-21.58,0,1
6b1c4d4d9ccf0be3d8544eb0e71e5318,-13.18,0,1
6a53b90c3ad9e0b56d9fe5c69165fff5,-6.21,0,4
6a38087bc8ad4f89ff453561005f6dea,-11.12181818,0,22
6a3139c7bf09ece22a4713d956acbe5e,-12.22,0,1
69b5eaa096c3f9d1e5c398c597f567d6,-5.235,0,2
69a43819c758c65a5befb0b471c954d7,-23.62,0,3
698f5fa55a5f73d0740e9d9a773e8093,-13.97333333,0,6
6989574bd97d9773f10d232b6c07da59,-11.78428571,0,7
698624c6632eeba1774924dbea24c700,-10.18,0,1
695051e2981c8b19e77cafe450d5bdf3,-7.3,0,1
693660429f9dc4ff704eb3d88dad54d7,-16.205,0,2
6902157ee16728322d61a1321fa79e58,-19.165,0,2
68ca56ce86830f3d31b1b7ec6a54da3e,-16.026,0,5
6879c4d287a8dd06b11f54ea8f78e4da,-11.225,0,6
686886775c8f6b1191c7b953fb52708c,-13.21,0,1
6824a69c9ea0313eba299dd4a2dba09a,-13.32428571,0,7
679769a98cfcc6da877c8486ff1c13f3,-15.01333333,0,21
6750d71153f00fc58829af2a8ef1bcf1,-16.22333333,0,6
674207551483fec113276b67b0d871ff,-10.44,0,1
671585f5a2af58b6e276bc01003c0d2b,-13.25407407,0,27
670a9dda115b5a88b18cfadee8de2332,-17.04545455,0,11
668bf321538e5072858eaef6087ce027,-9.12,0,1
6650fcccd8cd2f7e55ffa524f30c4c59,-11.645,0,2
6624bc09786f0e41ae48dfc5eeb1a9e2,-33.26,0,1
661ad5fcc28cdfb8bcadb12bb2272475,-14.46857143,0,7
6614814a00d344b846ae209f95ee7e3f,-15.24,0,1
6601ee6383e7f452be71929f8de48bbb,-17.155,0,2
65c255b299faf2d12050937cc219c46c,-11.83,0,2
65b081a070633e057c462abdd6fb9dd8,-16.9615,0,20
65a7c0788e4d632ccb5e1b594b87f0bb,-12.25555556,0,9
659e8466eb3ff1b0e8740d74fb7bbedd,-19.17642857,0,14
657969cca82e884d272385ec0ef06edd,-23.6,0,3
6561d6bf844e464b4019442692b40e02,-6.17,0,1
6548c2550b6e2d8f18053216e1c7b6f3,-6.884,0,5
651fe66032c9520ee5587f694908040d,-8.3,0,7
651530bf5c607240ccdd89a30c9c9712,-14.48,0,1
64cc804291f90c81f02bfc2bb58ff55a,-7.885,0,2
64c9a1db4e73e19aaafd3286dc448c96,-8.95,0,1
643c01d7c56a724bec0454f4780e8a3e,-18.72,0,2
63b9ae557efed31d1f7687917d248a8d,-18.29428571,0,7
63a79f5a7eb5cb48a7e5787b141c7993,-13.48818182,0,11
638cba8be1fb599bbb76fd6948351eb3,-10.83727273,0,22
6338ea67c41078a46ad99cc009654956,-15.0725,0,44
63272377184e969942f7fff221be858d,-7.99,0,2
63191ead8d3b2f937cd1996fdcbbad20,-25.4,0,1
630008e0f062605a415d694489f6f82e,-6.21,0,1
62de60d81c55c29d76a6bce418b31cef,-1.99,0,1
62c50c1af4dfdc4149d25c5222043d39,-16.29647059,0,17
626ab1cd96932367f0eeec2e47046c12,-13.20333333,0,3
623ad9d0c1e14bb5464a8c72bff7b4af,-0.07,0,1
6235903333ba7de1928c869e268e5964,-16.26,0,1
61c36f0fc4a47f9532e5512b66668e62,-6.29,0,1
61b18775be84fb700a6b2d0ba097bf66,-9.198,0,5
6187a137b2af59dfdbad8d9f8c373c14,-10.79,0,2
6179a28a13a726c29b3bf54c070dccab,-9.05,0,1
615c3462099ffa940d37b17dfda19594,-15.12,0,2
612a743d294c27884fb7b80d2b19ba35,-23.22333333,0,3
606ce7768feac12c5e8bd58db8b08f0f,-9.308,0,5
60562ab00b8054280520d390c8c0045c,-13.53176471,0,17
6025c79c035c3d772133b8b8238463b2,-8.0525,0,4
5fd924b4836098a5be0ecf81ba054ce0,-24.3975,0,8
5f7300535881cef3b625fd683cf7d145,-12.36727273,0,11
5f5a58930c3c35f3b5af264f34fb8c85,-21.24,0,3
5f57db27027655e6c6a391601daa0258,-7.18,0,1
5f26c1408a65b42a7224cd463bdf3292,-14.73,0,10
5f06030071324cc52bf0304014ac7234,-13.45,0,4
5f0057b677eb963672bf05dfa3f16c34,-34.665,0,4
5ef131ac72773e5b3f6c0d63cf424657,-9.658181818,0,11
5e9f5bd34e0830569f05c9d4f56e04a8,-9.685,0,2
5e25c632f9db6cfb8bc100421c2737b6,-23.05,0,1
5e106d93b717c2682b9383da480364a1,-25.25,0,1
5e063e85d44b0f5c3e6ec3131103a57e,-6.29,0,1
5def4c3732941a971cba8fdee992ede1,-5.165,0,6
5debea795b07621e1f90532e18f96145,-16.64212121,0,33
5de1c80811ce7007f62f00d971236c09,-13.685,0,2
5dc203c7b84a0e71e878a179de05fb9a,-11.61,0,5
5db42a6cd9bf1bf0d3aab9582767f168,-5.29,0,1
5d9f3746e112e696f98ea22c56b3e912,-16.2,0,1
5d76d80a2f5f39c891b996a1bf4c9853,-9.731666667,0,6
5d505d2298ad549e4e4e835562fa0c1e,-16.43,0,2
5d043cd5512d4bd2f88e5ccdd5736c38,-8.63,0,1
5cf1ec37aea089f45110c70653a166ab,-8.44,0,2
5cbbd5a299cab112b7bf23862255e43e,-12.67342105,0,38
5c853bb56f70f4d14218944bae111d7a,-11.3125,0,24
5c3460cd3e8a984382ae254e7dd20d9f,-12.891,0,10
5c030029b5916fed0986310385ec9009,-15.693,0,10
5bffbafbb22daf6d3bfc216a46db8708,-16.15956522,0,23
5bf397d04035b5f45cc41e82ec106803,-20.5,0,4
5bc24d989e71e93c33e50a7782431b0e,-15.78529412,0,17
5bc237df65098fe211bb4818f4d26d78,-31.84,0,2
5bba18b40e8c973b0f32e748004775b0,-45.35,0,1
5b92bfa4120daa27c574daa2e386c693,-8.56,0,1
5b85809efd0d0e4dea1a9544e1280ed9,-16.25857143,0,14
5b664594895aefb418afaee6d40a9a23,-11.38818182,0,22
5b51032eddd242adc84c38acab88f23d,-14.81214286,0,14
5a9c0859cb00fd8aa4db443837f0a700,-13.72,0,2
5a9b3bcab695173c820e53934574ae80,-25.16,0,1
5a4236931428800e9d9cc04af0987118,-12.38,0,3
5a32c398a06c345440bf2a683b017ad3,-6.14,0,1
59de1d4c8c057c2a53acd4ca66531af2,-4.99,0,1
59cea8e446d3834393058e7e0666b6fb,-15.778,0,10
59bbc819b99a733f02f0d6b49d1c253d,-11.635,0,2
5996cddab893a4652a15592fb58ab8db,-15.41,0,1
596849622429351f47b32e6cae1055ff,-9.24,0,13
5962468f885ea01a1b6a97a218797b0a,-13.42333333,0,6
59417c56835dd8e2e72f91f809cd4092,-20.60722222,0,18
58e4b302b54937e55a678c4d15111da4,-47.38,0,1
58c851d1a3c7cd3da329eb59453fed44,-10.61,0,2
585175ec331ea177fa47199e39a6170a,-14.31,0,1
57fe6232e67823593374a2281d7a8af8,-9.8825,0,8
57e632711dec9ec14ca7546769483e7e,-16.17430769,0,65
57df9869a600bd6b7c405f2a862eccfb,-18.72,0,5
57d2ba47f7a3209aa347532ae75c1165,-13.105,0,2
57a834594e1e9e9219603bfec184eadc,-36.29,0,1
5795aebfe331fbcd02a2c4b679fb7952,-15.1,0,6
5741dc2bf5044c34d0698681c5081bed,-7.713333333,0,3
5733d806668f8712c24b9abaefbfa642,-16.195,0,2
5721089ba9214e80074f27d5a03fc0eb,-12.37571429,0,7
570d4583587a5fe2d47c7be89b91ad27,-9.86,0,2
56f413900b5166ab4d730e9ac0b12cb0,-7.623333333,0,3
56db5c0782e8f7ddc9343f9576ff6d16,-20.695,0,2
55dedd83e501d8248880557d9073cbfd,-7.868888889,0,9
55d3daac7c404d59e51c2aa2f4dc5a23,-11.58357143,0,28
55c26bcb609f480eb7868594245febb5,-9.405,0,6
5587130f9850696ed7fafbc91c2cee44,-9.895,0,2
557f22c76691849db52d2abccf0015d0,-15.01846154,0,13
556a6409838156ea299c9d1f9e2dde43,-12.8825,0,4
5566627eab3fe93fd6ee08798226101a,-16.562,0,5
5563732abe64c3036cb97ad924128dd1,-10.15333333,0,3
55029529919c0123526150bd26ca8f20,-13.69285714,0,7
54aa8463e87776b5612f4bdc4bd5d4de,-23.25571429,0,7
54583ab379489add547fe47b628db589,-5.449,0,10
544863df86ed3b78a04e0820d41430ee,-17.07,0,1
54219883e72aad869adfb2a54b7bfa0f,-7.838,0,5
5415337f1863452476d42d9f14a16a61,-22.2,0,1
54065e9aef7e9e9c2dc23b7594db021a,-22.1125,0,12
53b0300ca793f9834cd69c0678d35ee8,-13.942,0,10
539ed9e19811677513447759be5eccfc,-15.295,0,2
534a01cc6df1e034e05c32028a291fa2,-7.178,0,5
533d46c1b06970e99f09523a61df4972,-9.6,0,2
53336f97ddbe53e2a617d07b17447b95,-10.18,0,1
53088c75f948b48a7ece173ac17f0c12,-12.97333333,0,3
5305693ffae2d3463377b1f6fe67b15a,-8.19,0,1
52f9db5cfb423382a2fa5c9e39303202,-13.92772727,0,22
52f976b17ea7f2f087f56dcc419328f6,-15.92166667,0,6
52f6f9f13ba19504c02781132a049e75,-13.33,0,1
52bb00821bcdd358a5a5a27e1f6be5a1,-8.21,0,2
52b53f7061969fe471d119b6195da864,-7.11,0,1
52ac6f920b7280e4c6d30dd94de6259b,-11.2,0,7
52a52b9f656520e99716f5bc40f661c8,-11.2375,0,8
528ce32f560edd11add4169f6a5b65be,-10.92,0,2
52831e5990d0771cb4951d6f12928167,-9.2,0,1
525e75a6fb1454a2325ab1734bcec221,-12.974,0,10
52562a9f449c3dc3d53f5f5b9ed74903,-17.75285714,0,14
52454f90d4c30c016768db02f88c1a74,-6.644,0,5
52092ddbd3a58c450a4459bf051b2287,-11.09666667,0,6
51f108f62cb87d61918159902c8f8583,-16.81,0,3
51e4e89242cbb846c2deff3dc015650e,-15.2275,0,16
51e0557bc7b86de13e946c60ee91ce39,-8.51,0,1
519a7aa428f18d125a283cf8c014fdd6,-15.14333333,0,3
5194c22ed1f616ec0c0f33c571542879,-10.5075,0,4
51702dc2a3e106c76dbff722b5bf0726,-13.52142857,0,14
515d781150feed28a6ac091bb0e3cb8c,-23.59833333,0,6
5151aea44289d6c6b090ee31c2132508,-26.50857143,0,7
5145090ab595c0d0b8557199f5701fbf,-24.6725,0,4
513a54369b6a8a6602fcb0e129c6d78d,-4.67,0,2
512d298ac2a96d1931b6bd30aa21f61d,-13.91333333,0,12
51209b446b2073894bdc0face6c73ffc,-16.435,0,4
50bf89f1349bc0409a268c3a49678009,-25.38,0,1
50a7e551a7b3f8d37cd6e32d8bfbe5ea,-3.49,0,1
508808d438fe2ff972ed13bb8f4a82e2,-7.974,0,10
5075aaa8404020ae6aa8bf4792099b41,-9.602666667,0,15
4fe2f67634d00c021aa01f96b6f2d68e,-20.175,0,2
4fae87d32467e18eb46e4a76a0a0b9ce,-11.29,0,1
4f1f1c8666cdb6442f775c4e8caed465,-13.775,0,2
4f0d637c1197fd65405ebd755ac9f86b,-16.265,0,2
4eeb99008a0f59d2c7759c59f9a346eb,-11.82,0,2
4eb61f060e7dcc1d5a80d806c35cc541,-12.50375,0,8
4ea2f12dbe91deeacd2c1e74f069a6e6,-10.475,0,6
4e92348462c75b6c842b994ce84a0ed4,-18.23,0,1
4e6015589b781adaa5ce7f1892d06bb1,-12.11666667,0,3
4e480be820e37de1444325ff358c9296,-9.06,0,2
4e326052e5dbba8adcd512f3450a307e,-11.58166667,0,6
4e2627090e6e5b9fabba883a37897683,-13.12,0,1
4e0d109ccfba9a1151c103049880c857,-14.855,0,2
4ddeb3e828550cddc8d45c8bc36ab2d1,-10.62,0,1
4dc2e811a1760953cb7c6a590b498943,-8.39,0,1
4dbd95a08b31ede5c82d3f861cb1ce1a,-16.0375,0,4
4dab98ca6cd6d3df586203cefd28a042,-0.43,0,1
4da0e408c99d2fdc2126dc9fce518060,-21.31092593,0,54
4d9fea3499bdc22aa4da4e339365f215,-19.145,0,2
4d600e08ecbe08258c79e536c5a42fee,-27.36,0,7
4d232b78ab7ef10393dc3807d827bc0d,-11.88,0,5
4d0041cdbe51b4617d95c70b19decc74,-9.71375,0,8
4cf490a58259286ada5ba8525ba9e84a,-17.13,0,7
4ce8b55b4bfa4659184e7becc1fba3f2,-11.395,0,2
4cc4fd4fdd406a85bbdc1f824b731bd7,-13.19,0,2
4cc43a222a0f94910728b62b97a8c5f8,-11.26,0,1
4c8545742faaf58fafd5fd14d25d75cf,-13.5275,0,4
4c60877808f4318ef1107fbeb8f89afa,-8.61,0,2
4c4d546adf3c3868fe19c9ec6e9ffda9,-15.78333333,0,3
4c1c7281388a33dd06daac44f9fadbd1,-15.766,0,5
4bf658053d453036c70976bccb2c31b2,-7.81,0,2
4be9ae93c4fc0f41713d71a4194ee1b3,-6.18,0,1
4bde6149c15cf7e177b36fa060dd6de8,-46.9,0,2
4bcec44888b30ba9001234c534716d3f,-8.702,0,5
4b90495391ac0bd181a80a459df1e718,-38.19,0,1
4b39558c138930b9e5489c93b6df5fe3,-13.326,0,5
4b0fdb526525f9890eb145bf1534640e,-8.6815,0,20
4aba6a02a788d3ec81c03137144d9a80,-10.19,0,1
4a82c4af97ffc0fb2dc26bfdc03b1842,-14.27333333,0,3
4a82168aaef173cbb6e46ae88728f919,-13.125,0,4
4a5b36211b1f51bf7eaa5c10a57fa483,-7.08,0,1
4a23adac87cf538689fa600d976f78b2,-8.236666667,0,3
4a1917ef994878940e1fb03eeb787ad7,-10.45,0,3
49f8d2ea7b718d0ce587d34207caf2b4,-0.3,0,1
49e7217cfe4e427191c378ec626d8737,-10.25384615,0,13
49cdc90518a4f82676b38b3c1aa43ff6,-10.34,0,5
499ec63c58e51296c9cf57edcfe1c8a8,-11.836,0,5
499185655c29ecfdbfe776ef7cf875b5,-33.31,0,1
4978a02ea9c8be7a9b5480680f40334e,-9.202105263,0,19
497709c2976a8fa308730a2dec5b0726,-1.24,0,2
4965a7002cca77301c82d3f91b82e1a9,-12.33,0,1
49383af7ab774e4e8f3000f49c83dc4b,-12.37166667,0,12
491a5ada3aa1678414e990262c4bbdc1,-11.7,0,1
48fb026ed7455a42f5d3e9390ed5088e,-14.34666667,0,9
48efc9d94a9834137efd9ea76b065a38,-23.70823529,0,34
48e954b2da4f6a750c844173b347ed40,-28.115,0,6
48e5ee06fb2dc74df1c711a9b6dfac2a,-19.18,0,3
48b6c3f4c6a93171da04b75313f2130f,-8.225,0,2
48985c61529077fa4f1e38bcff0f2ed3,-20.81428571,0,7
4867209cb29b56b92893d7bde3ce8012,-16.1,0,1
485452467ff670447e84a8370c3fc898,-14.38,0,3
483ca627d131e18f988349b1655c0acd,-4.96,0,1
48328ec9a579151d9cc6a86d4a59336c,-6.17,0,1
47f55702f598c7c6cc8458b0fbc1c49a,-10.29,0,1
47efca563408aae19bb7206c2d969ea9,-14.32363636,0,11
478bfe564db21eeb44386606aa30b650,-12.81333333,0,3
4736e9d642ef4257cd7622516931eb51,-13.3595,0,20
466222e777149751370e7e98fb623b0c,-8.2,0,1
461ff5303b6c9c1a4a07f40c5aece516,-15.09,0,3
45c20d94d9171b0bcfab3c955e47d67b,-9.73,0,4
45a3d05fb00435e52a28859dd03703b3,-4.52,0,1
458d868c9642f55f18f04e951a3fdde6,-18.29,0,2
458c6fa920810ce2492da71bc26d9eec,-9.53,0,2
455f46ef09a9e45667e2981df84b5cc2,-1.09,0,1
455c5640e8c5bd1b2ee85c0158f85727,-22.13125,0,8
455befea1bb853c75ccbca94cff26e5c,-37.2,0,1
44ed138eca6214d572ce1d813fb0049b,-6.596666667,0,3
447d377bdb757058acb569025ee18a93,-13.21,0,1
44717f64ec2a457979cf83c429077666,-19.24,0,3
446cc09cdbb130904da114e807dbec40,-24.02666667,0,3
4450bd8327d471c4a11a83d1445b1b62,-20.42,0,1
443d880f15cbd3572885e1d44bf2c478,-13.2,0,2
43b2c864251aa0ce4030c746984e088a,-8.295,0,2
43a5d4a57af536fddc96d08be3afdfcb,-17.34,0,1
43a1d4bab73b816e44ef4e4facd9f9b5,-20.5,0,1
4391ea5c5990502176a1dcda44a2373d,-16.716,0,5
43753b27d77860f1654aa72e251a7878,-0.16,0,1
436bf27f2f18474fc6047702e9f8a866,-9.29,0,1
43402bdf22aa2310e8f99e2f94f78628,-35.878,0,5
432c67955c0acd1fd6b0b5d678766a71,-47.54,0,1
431050a06a317f2b38168dec3dcd2b46,-13.319,0,10
4305fe92735c8a43d154ff6dd2b8d927,-9.592105263,0,19
42fb44130ac3134cde8e35cf8ec7df25,-13.51,0,2
42fa4ee7240e9b8eb4576358ec142ba7,-14.94454545,0,22
42ef3192a9ff87a22d1867b74b3ee205,-10.24608696,0,23
42d4b7e70819438f5ada61c965e92d7e,-1.47,0,3
42b6488f5b8246d9141712abd4b1b693,-12.265,0,2
422be4cc81a457fdb46f47edeb968ae5,-20.18,0,1
4221a7df464f1fe2955934e30ff3a5a1,-15.812,0,5
41e0fa5761c886a630994a55c12087e7,-18.846,0,5
41da412d33e8da4f22baf55cb1bde82c,-18.51142857,0,21
41c9d3997dd3c072c31139dc5bb5761f,-9.816666667,0,3
41c2bad7229b0c25e6becf179ebf63ff,-15.25478261,0,23
41b86b552e54e3a7009596125aa8b167,-17.33818182,0,11
41b14765bd56c8ad10971074380f9c0c,-14.323,0,10
41ab63a91b8b264e8c8780368bf1dd5b,-21.81384615,0,13
41958cbd3335433c8740300e8cd600d5,-10.35,0,1
417a1e6c7321084d2a0ae0d023cfad93,-16.42,0,1
4125d9385a25e82d2f72d3a0fd55bc3f,-3.32,0,1
40ec8ab6cdafbcc4f544da38c67da39a,-12.68,0,2
40d54b51e962dbe09cabbcfd33298dee,-11.81645161,0,31
404e1ba01358af4cd63f679b2c4d1fa1,-18.90166667,0,12
4049512728d969bec69f84088b012416,-17.12222222,0,9
403aa86912527d730337ffcb0fb096ab,-11.27454545,0,11
402916f742e5c740cc751493d9cf5053,-18.45,0,10
4003520d80d0bad1d5623f7aa3c63cda,-4.05,0,1
3fefda3299e6dfaea3466ef346a3571a,-17.26,0,1
3fe7120d6257285ac6a3ce7cb071ccec,-15.435,0,2
3faf68a3b0af94b10bac70d86077be49,-29.90428571,0,7
3fadb4cba4c35bce6a7eaf9872d5623a,-21.496,0,5
3f9c56764fabca627406093dcb3ef0b4,-10.51714286,0,7
3f9be91358837bff69df67edfa3e42e8,-18.46571429,0,7
3f84fefc07dc159b268d4a77d3e8c425,-19.98,0,3
3f8034bfc6b8b4135534975d49f04c63,-17.21428571,0,14
3f0e48d209018b466fcd3bb4ccfeb520,-16.395,0,10
3ef37b7ca6dd2b80bd8af81a62504996,-7.415,0,2
3ea08c48e851106d2f584349daba335f,-15.09,0,1
3ea00e1dea2b0659dbaf654735929220,-19.62,0,7
3e51f9cbe317bc3a88f2c76583811ee4,-5.11,0,1
3e46a38ee171c503c3b4a3f23fe3bf0c,-8.26,0,1
3e35a8bb43569389d3cebef0ce820f69,-9.26,0,2
3ded4e2d5f135cb103e5949d7263d2dd,-16.2,0,1
3dc69bf2c42f0568a5c4791ec3fd3745,-0.14,0,1
3d68c634a99a1ba46dbca3967a69c623,-6.725,0,2
3d62f86afa7c73be2628a3be1423f5a0,-20.365,0,2
3d621842b2ed28e2b474132480edac3c,-11.13375,0,8
3d4b1ae7539303b5704493798893e82c,-9.743333333,0,9
3d49bfdd1b43a7fe169b3740067acc61,-19.54,0,3
3d39fbf22a665714baf62fae36029e23,-12.7,0,8
3d290fe363c60a77498c1126fd3fb8d3,-12.14666667,0,3
3d2531eccfbde1d7c8db7a3a12fb267a,-13.241,0,10
3d2400ac620cffa23ac81bd192f7f555,-0.08,0,1
3d0cd21d41671c46f82cd11176bf7277,-11.29454545,0,11
3d01d1c414c44b5943a09619ff3853cb,-13.15,0,4
3cfa1358a6caa965278721344c8d76f2,-15.212,0,5
3ca08eeb8d5595949fed424bd3677742,-13.67307692,0,13
3c88ed2e76a2247933a15daa7161eb1c,-8.19,0,1
3c3017960b2dbd72711a61f0400aab8f,-20.86555556,0,9
3c010235b7345c92f125d14ee232a76b,-8.432,0,15
3bfba5a77604f6dfae7e6dd7aaf65821,-7.9875,0,4
3be5841cdcc46de4ed3f9116f104b2c5,-25.225,0,4
3bb548e3cb7f70f28e3f11ee9dce0e59,-17.14849057,0,53
3bb32fedaa74e4ad20f4ce067733bd31,-9.846666667,0,3
3b18f9856c6eb2413eafedb58e9eecd9,-16.17,0,1
3ac588cd562971392504a9e17130c40b,-5.03,0,1
3aa3c89ae3cd482385568be76120f63c,-7.23,0,1
3a79f35a2344ede41af21267f61d5ec6,-7.16,0,1
3a52d63a8f9daf5a28f3626d7eb9bd28,-40.3,0,1
3a490ba60afa30ece0e7d50cfe74a4f0,-12.2475,0,8
3a4127e1ba7208ea37044c5092aae170,-12.982,0,5
3a3c180dd702a725bd0ba4117689239e,-6.33,0,1
39f776d2974049026ff531fc42ef2a3e,-21.025,0,4
39d61be7a92eb77b7da367bd4845bc0e,-10.38714286,0,14
39a5005f2605cbdb4f9ac14485cabfd1,-13.6625,0,8
398cb257329ef7af7f1943a8974a3cbc,-17.5,0,1
3986c0b54f6b748b75e7bd4e092aa3e5,-11.05,0,1
3985a3c45be355a4c57fde108bfabd1c,-17.29,0,8
3969863bb8af7f72580b3b1ffd3a17b3,-10.83538462,0,13
392f7f2c797e4dc077e4311bde2ab8ce,-7.04,0,2
392353362d22cc2c236e1ee81ff19890,-13.865,0,10
38f276ca6e7cc95a6d1bb55ac9e5550f,-13.04,0,1
38af8acfd46ac4a7bf754e8ca6736664,-13.404,0,5
389e45560e33d2d0747f949dcddbc08e,-6.13,0,1
385799a1cddbd26dfeb9157356a42282,-14.18833333,0,6
38102b031c2a15e54623d711bfc753d3,-13.992,0,10
3785b653b1b82de85ab47dd139938091,-18.49458333,0,24
377bc18334c78dd2f1535ef22a3ad225,-12.24,0,1
376d67b61dce0c990155286e7ae486a4,-4.01,0,1
37303482a42fb700d8d127e70a9cd6c8,-14.33,0,1
36f98ad67cc981f50ce8aed093d5783c,-13.165,0,2
365e4bce19bda0082c3d15d83fdb8bcd,-11.74285714,0,7
365e445f796710c3431557e85caa25db,-15.03,0,5
3606774ec64634822d78dc2db6d37045,-34.2,0,1
35ef5aa32949680f627efec3c23e705c,-16.72,0,5
35b96509602ec4b7da831b5cd73ff2c2,-13.275,0,2
353e21e8bf8de2722b4fae1636664b76,-16.595,0,4
35281d148dcf7134bae913c57db4e6da,-21.91,0,1
3504c0cb71d7fa48d967e0e4c94d59d9,-10.03754717,0,53
34f563c82a85b99ae9e6d60db5fc2e28,-11.93125,0,8
34d1ca11b242c0fee2c834ae8d788566,-13.35487805,0,41
34a557286ead8fe75c989e0afcf7d98c,-10.4625,0,4
3481aa57cd91f9f9d3fa1fa12d9a3bf7,-16.2944,0,25
34675b28b826facfde119785bf287dc1,-15.13,0,1
3442033154be05bac582e173ef54fd12,-2.18,0,1
340636a908b13bbe0f4fb63fbe1d0c03,-9.193333333,0,3
33fd411ed63a7c2f9005e3f065d9f85d,-24.37,0,1
33dd941c27854f7625b968cc6195a552,-18.948,0,5
33d677f27a69b84051204ee4ae76eaca,-19.197,0,10
33cbda8716511e27e556dff9d8418bf2,-16.99666667,0,6
33cbbec1e7e1044aaf11d152172c776f,-15.396875,0,16
33ac3e28642ab8bda860a2f693000e78,-12.338,0,35
33ab10be054370c254ddfcf0a6253422,-8.355,0,4
3364a91ec4d56c98e44174de954b94f6,-25.49666667,0,6
334cab711dee080b079fa5779b584783,-13.69,0,26
333c4210e76a1aa2ab817b99437e3ff1,-22.705,0,2
32fdd5d44ecb43dfd6a24b9369eca144,-16.20375,0,8
32f83ffe11cd40f7adcf4eef171f52d9,-14.87,0,1
32e5635e63cb374eb63afdd242fb6134,-4.8,0,1
3296662b1331dea51e744505065ae889,-10.07,0,1
328acb143b4a73aad6bee8e734f5d20d,-16.345,0,2
3289d8c3eef4873f91ce0b1343c0dd58,-19.39,0,1
325f3178fb58e2a9778334621eecdbf9,-11.37369565,0,46
31eec405c9bb71dec8e2629a92e764fa,-13.676,0,5
31e60bf8d103ce47932a85f5562deb16,-19.87,0,1
30a81d8cf85fb2ada1b1b094c9583a95,-7.007,0,20
3092c0b297aacfb4bb6e056ebe13b9b8,-26.27058824,0,17
3076499bbc033a927bf4a8a41bcf7fd4,-9.013333333,0,9
2ff6b7bff164ef05590a52734e1296da,-14.39,0,7
2fdde51ad3e12f297da656d4fbd5d0b5,-17.33444444,0,9
2fb25ab44bdbeae6a4d816e0d0c9d500,-18.226,0,5
2fa13c8bd5705d279f7ed5cc9ec61c68,-9.3775,0,4
2f9b7ce230a057a98a9f5df5893ee36c,-5.98,0,2
2f74af7a0ee5636f12c2336f9fffed47,-8.051538462,0,13
2f73e04d12cdf0c945ded66bb3fcf6c7,-17.31,0,3
2f4b9d112bfa44a214bc6cef085d17c8,-25.46333333,0,6
2f4b0d3b9634b647d4edee577d7ebb7e,-7.130909091,0,11
2f3d8b4c9e2ee165075331fea3f3095a,-14.21,0,1
2f1e7b90e01d9f086cbcb301c0c3d406,-9.93,0,1
2ef086a599b597572aca4433b7ed6b3d,-14.45,0,1
2eeb6531ee027a48d401e72bebdd87d3,-26.66,0,3
2ee0a0689f2f6a72f35a7cb6033f6e7e,-11.2325,0,4
2ec6e37d992a95eaddb3369dcbcc76d9,-18.23,0,2
2ea0861cc19e94cad86438c984c52da4,-7.193333333,0,6
2e2f44824ab87a0cb961f68bf4073e7f,-9.16,0,1
2e0dba2da448400b1c11d7b4b22f32a4,-14.76153846,0,13
2dd1fb6f0e42a2243b8a01e40cd41216,-14.295,0,4
2d9e8987a2ea5cf88dce330249043ff1,-4.775,0,2
2d8cfba3fcd3170555941605edaa196a,-13.56,0,1
2d518637f53161b973e01f56ea4bb88e,-20.82846154,0,13
2d42ebcda99fd55f6f4bc2f1ca035d50,-13.77090909,0,11
2d378dbb39815785238c0139c7647fb7,-17.25,0,2
2d34636518ba88f5349b732fcf8ba2e4,-27.32,0,1
2d22fc3089eb907b29ebff50581fb472,-9.993333333,0,3
2d20f1cd18725c91147da0791d498022,-7.46,0,1
2cb98e27ce1c18abdb42209b34c382a7,-15.33,0,1
2cb6eb1b7185064167657fa09f541105,-12.10714286,0,7
2cb4700db635baa1c0d4f90ed27b6669,-28.49,0,2
2c9005d8043aff18b8557ffb7b13cda4,-7.27,0,1
2c54051840f19eca309a5423cf22df36,-13.845,0,2
2c538755f1ca9540af144f266e70df6c,-16.14,0,1
2c4c47cb51acd5ea5db5e0ae0e26542a,-12.67266667,0,15
2c43fb513632d29b3b58df74816f1b06,-15.93,0,3
2c2c9832d1bb38c5b0034a3b47d313ee,-13.46,0,1
2c00c85d30361cd2ced2969cffbbffa3,-7.31,0,1
2bdb95a56a36ebbc6640337ac5eac174,-33.23,0,1
2bd05d410a8fd26dc4184a15f4f2f588,-17.80142857,0,7
2b402d5dc42554061f8ea98d1916f148,-24.32,0,1
2b3e4a2a3ea8e01938cabda2a3e5cc79,-11.25796296,0,54
2b3b9ce054da76a7428df143a567b156,-16.96833333,0,6
2b2fed75b8e5ea3a052fc4c0825da485,-19.5375,0,4
2addf05f476d0637864454e93ba673d5,-14.36833333,0,12
2aafae69bf4c41fbd94053d9413e87ee,-26.94,0,2
2a7c6c0b0d5efde2bf75ec1e1cec2d41,-14.45333333,0,3
2a167ca73899c85001a837d8fb4962f6,-12.90666667,0,3
29fe9f200d3fa0c668d2aa1ec7e08dfb,-15.182,0,5
29e6e05b65f93bc224c644319dc52ecf,-14.185,0,4
29c322e3f09f886f8bacbe91dfbd979e,-19.43,0,2
299c89a525fee36c567f4fe72f038100,-4.95,0,1
297d5eccd19fa9a83b2630071ff105e4,-12.015,0,8
296729ffb9b684050dd24836dac4494a,-12.105,0,2
293dee954235e4e4e43f129313625ebe,-16.985,0,8
28fb0829fd777877cdc350d25cb5bd5b,-10.12,0,2
28d162ab86bb49d719c32f0ee6186eaa,-11.18,0,1
28c7d8743fbc8679f484868cc0fcaefb,-10.49,0,3
28a26ebce31d5918b181ede016fd693b,-9.27,0,1
28872dc528e978a639754bc8c2ce5a4c,-30.01,0,1
28405831a29823802aa22c084cfd0649,-5.261666667,0,6
272f092de69afedd4d2969440b37f18f,-15.35384615,0,39
270d3ef21830ad0ecf3a6c53d08a533a,-8.387647059,0,17
270572bb714b00531be85e16e1550f26,-15.03,0,1
270297ead4c65a6cd2593960d2af6b21,-12.99684211,0,19
26e2e5033827d2ba53929f43e03d8ffe,-13.2,0,1
26e13b6ff5b641b329e5524241ee2c93,-9.7025,0,4
26d6bbee02420494d471c9f6436929c0,-9.866153846,0,13
26bad72add1f86e08a776ce4ffdaf1ca,-12.74142857,0,7
26b482dccfa29bd2e40703ba45523702,-7.3825,0,4
26af45f5dfd967225a832838aa4e24a3,-13.03636364,0,11
269cff2d3c8d205c11f37a52402ea93b,-8.654,0,5
26785a546900236d66f2e4197c211158,-17.954,0,15
265fdc289dffa9f1ad801c74f7d0de47,-7.13,0,1
26562f211dd1364af2a8596dc945e8ae,-4.17,0,2
262237171f48e85819065498cac80d7b,-10.707,0,10
25e47381a6c510ddeb36084e33b89f0c,-12.54117647,0,17
25debeafbce801fdd479539350185eee,-8.168333333,0,6
25be943a321c8938947bdaabca979a90,-9.076666667,0,3
258447aad3f7b01e2643c89f64dc5647,-11.23,0,1
257e61d3251fb5efb9daadddbc2cf7ca,-17.01,0,12
253f95b3a0e6983ae18aed49fbc2b845,-13.27,0,5
252e76235acb79183cfca6e34f13337d,-15.86,0,4
2528744c5ef5d955adc318720a94d2e7,-8.75,0,5
24c1de8d9551c0b4fbc53317d53efda8,-22.44,0,1
24a6daf925d9d591870a66660416de31,-11.25,0,2
249f0e9905a6e06ad6c6bea7547ab9f6,-18.92,0,3
2493dc3f20131696a0ecdb9948051a8d,-23.3375,0,4
247587846358bb1d2e4c6522020b36fe,-12.27,0,1
23ff42c4bf1f8f16cddb19d8b972974a,-15.57333333,0,3
23ca5f678e0b3ea6c630b30fa8bf51ea,-17.76571429,0,7
2305ab43e846518f58dd9d59f3f54e96,-10.79333333,0,3
22c32ec35d0116ef02c281798a25bf8b,-16.99666667,0,6
22a23e5ac7061fc538cc2a019afaaf16,-15.51,0,1
228e4c1a0be164f613d41c24345f9d2c,-19.434,0,5
226b05fe067266c59c15dae208213d06,-13.16636364,0,11
2235cf78d3e2073a88146a9cb60f0dd0,-10.98,0,1
21e83881401b92b49fb09a16d3852291,-12.55230769,0,13
21d59342ba150175ca2aa4f8faddeca6,-17.835,0,2
21c62b998a043ebe31161d38f84929fc,-15.4225,0,4
217f005bb37ff3aeef5b2ae1788e75ba,-8.935,0,2
213fafb0ca06fb3d5886579c2565791b,-5.483333333,0,3
20a7efa9721046319bdde5d60b6b5365,-15.66166667,0,6
2075d8cd4dd63ff12df0749a5866bb06,-6.51,0,3
2063dd1b9f568df1c16741ea7d3e6adb,-25.49,0,3
20611af7866c6068fd5ae1f9dbe15c92,-12.85,0,2
2059c39f76271d4ca3f15b5ffaccc8b8,-12.7575,0,12
204b4e07bddef3c9b317f70189135b22,-10.08,0,1
2039c5e51785b5dde7cf93ccb3b7be2c,-7.19,0,1
2009a095de2a2a41626f6c6d7722678d,-11.0075,0,12
1fe61aa5494bd3ae92a2c13e067c810f,-16.5,0,2
1fbe10c70e30765ed1de86d9f7e98409,-6.145,0,6
1fa2d3def6adfa70e58c276bb64fe5bb,-35.2,0,1
1f867308a0ce13133a4e639ff4de0c02,-16.93692308,0,13
1f7fd2a6fcd5a6fa5d8a4dabc72aaae0,-15.92333333,0,3
1f7dfad2cb384ea4d2d7e1ffbd78c407,-3.09,0,1
1e9d5a33694bddb76316fd1f54734d20,-7.725,0,2
1e8c6a4c538f286aee9573239740a4b4,-13.412,0,5
1e483cc5c76fef08d3ca05f9a8af7d01,-10.389,0,10
1e47defeeadeca0e9a18fa5a9311e735,-11.72666667,0,3
1e47d8b6546eb3a77b1acddcc9406242,-10.13,0,1
1e26c56af8d48424e1df0140a2401f83,-15.58,0,2
1de62b6f2fd96227629786db492433db,-14.6,0,2
1dcfa3835714681d4ba4a93bc1e0fd41,-14.75928571,0,14
1d953075c2f0dd990bacf27b83b330f1,-23.23,0,1
1d139e3a3b14025640d8df1b230aace0,-19.7,0,2
1d0646a72178a6fb37ee8082140e06ec,-6.655,0,2
1cd9e0cc1839d55516843def5600816d,-9.398,0,5
1cbdc7cf130a41fd13a3c2a7d2fcfda7,-12.85,0,2
1cbcd2ee0afb3fc09963b87eb65e7e4f,-12.21,0,3
1c83418358f249c9d6affa52d579db0e,-22.52,0,1
1c742ac33582852aaf3bcfbf5893abcf,-19.31,0,1
1c5e4e49b9079480255b49d50aac1aa9,-11.53166667,0,12
1c56ffe0e9dea2657fc6e95b53f40b13,-8.653333333,0,3
1bc2e21de46adfea6b98cc96b00f3b40,-4.662,0,5
1bb3812d5f0747a3ab7348f199001a10,-19.35555556,0,9
1b65c144b17e607c0f37f10bb7dfec8d,-28.008,0,5
1b61fb1f0f2185d89e9a126c498e9cc7,-13.34,0,1
1b45169b635ef59425637e9a33eb5fb3,-18.995,0,8
1b1ae47a313a825a7ccceb8e2e30fa9d,-13.569,0,10
1b0b0f4f95e962d6f32fe90c759d0479,-9,0,2
1acde099eb406aa220b1169b188b42da,-7.363,0,10
1a8e2d9c38b84a9702ac7922924b0573,-14.95,0,1
19e0f40a907ec568c34bfac15de4f4a1,-12.4375,0,4
19d62d484cba71963c93f0f00ab42013,-7.35,0,1
19a7c9f66ffa6452ff4b4c0cca71da27,-27.14,0,1
1996942dc085d7773ba77a529b163cd0,-17.95333333,0,9
1961c3e1272bfeceb05d0b78b5bbfdaf,-4.933333333,0,3
1927cdb9fa74f5270097f6250e8e8f34,-8.21,0,1
189ca3538ce9f920cacf0f982cbe223b,-9.196,0,5
186cdd1b2df32caa72cfb410bba768d3,-27.63333333,0,6
184a67a8f9f63234d3a92340bbdb727f,-21.15,0,10
184725737946a1a938bbbd1a9e978103,-2.033333333,0,3
17998cf586426bf0f2c3726cb0a4b211,-21.735,0,2
1746c1ae87ac63d530c7c943d0ac42e2,-3.06,0,1
173d56ffbd4c56cb80fc3615487d712b,-16.25,0,2
1710c3aaa9c6b44ec3883ee0fe300e21,-8.235,0,2
1703bc09972dab9782e7a9194943b69f,-17.13,0,1
16bdc8cefd0e32a6f0824d296c5ad14a,-11.33,0,1
166e8f1381e09651983c38b1f6f91c11,-7.72,0,2
164a5a8794e6d42e14f55e447b12a3bc,-18.12,0,1
160e4f13fd3a64b1b86807be88b5ffb0,-14.59,0,4
160851d3ece7aa1a510f8d1a4bb8a8af,-12.365,0,2
15b3b1b81484422eb41df68ac87f1f50,-4.41,0,1
1588ac4010787100dddef64568f0ae35,-8.146666667,0,3
152ee17e4c8aaf53dac99f3462e4999b,-13.56166667,0,6
14f2b3587172b9db894c9bad8dab520b,-11.89,0,2
14a08204d03bb6b6bde8029f801ae0eb,-15.07868421,0,38
1444c08e64d55fb3c25f0f09c07ffcf2,-21.09,0,1
1430239a858e7682bbc43b20758af153,-10.06090909,0,22
141440cad9341e553f8401c574a2aa38,-20.63416667,0,12
13e85aac53340018b40c2af68001b7e0,-34.34,0,1
13c2ed7698b3ca92dad49e849219da59,-9.191111111,0,9
139157dd4daa45c25b0807ffff348363,-12.32,0,1
134b867a0f7f8bbe6abf10f91874891e,-18.15,0,1
134a288e7de827ec5ec62e3ec9c3a295,-10.15444444,0,9
134285d1f41da5c13a756ee8142c8a4e,-9.9525,0,4
131fcb0a0c9a47bba4474aacff0f14b7,-7.16,0,4
1284de4ae8aa26997e748c851557cf0e,-8.336666667,0,3
120476eb7a04c149d14772edaf5d9bf2,-12.85833333,0,6
11fb6f6d341adbe19e81733701704635,-6.65,0,3
11eac105f3f90a9b87b19c89d91e24f3,-13.248,0,5
11d4c477d09821164bca4f70a2eae031,-11.7475,0,4
119d1aef1b4144adba89163f6cd9f5d4,-11.34,0,4
119c7f1a00ef43fad0e57604e76a747c,-6.045,0,2
11938fcc75f6902fea1d0a6f72b54a57,-20.205,0,2
117cfc326c6d50da67ca858ff5c0c852,-8.43,0,5
11742f81550ac064cc9a40f67151d9ad,-4.2,0,2
112453736dbe3889cfb74e1aaa0ba0c1,-7.467857143,0,14
10ff823eda2b032e2c93d17a7d294736,-13.58875,0,8
10cdd491d1dbea8fb4ead97b19c334ce,-17.32,0,3
10264f60a8f0a4d2f30810f5c661c673,-7.9575,0,4
101a3a003516bc11253298b2fad3cb65,-7.091666667,0,6
10089e9f2fd0c668a8fd4e52e1698888,-16.14333333,0,3
0ff83046c3fa22efee8ecf291888b191,-16.53181818,0,11
0fe2d9733ed841eb064503920015a8c0,-12.55666667,0,3
0f94588695d71662beec8d883ffacf09,-11.66,0,1
0f80a40c312b2472dca482cf50f5186f,-16.21,0,1
0f7eea709efdf942b5f95c7516dbacd7,-19.54,0,3
0f519b0d2e5eb2227c93dd25038bfc01,-39.22,0,1
0ee4fb99ac55ffbbc98795aa01b7f8fa,-14.68,0,1
0ec28cec4046a4a199b6de9b4c891d97,-5.84,0,4
0ebd97a106433a45a4aebe57c1799778,-16.4575,0,32
0eaa7e33d73809f1f925f7d07c506cbd,-14.11466667,0,15
0e982cff76cc0579f632cea8a0e38c9d,-11.50142857,0,7
0e72c1a751b496722a6cb1f10653b62a,-11.69666667,0,3
0ddefe3c7a032b91f4e25b9c3a08fca1,-7.945,0,10
0d4c8269e7f0401201794deef160edd6,-5.3525,0,4
0cab2da43793a6f3c5ed8514c5f54627,-20.47,0,3
0c7f30ae9b147eca07affbef92832a6a,-16.198,0,5
0bfd0b434243adc5c2e1aa6baf19c6aa,-19.81,0,6
0bebbb2cea103a4a020c95d43fd7d754,-9.714444444,0,9
0bb27263628258b8111a0262769fa9db,-16.59,0,1
0b64bcdb0784abc139af04077d49a20e,-17.2175,0,4
0b46f784306be7200ca1700aa55d819f,-14.4,0,1
0b3f27369a4d8df98f7eb91077e438ac,-9.135,0,2
0b36063d5818f81ccb94b54adfaebbf5,-20.55,0,15
0b1ca3ef18a63d7eb0c8897fa0849c08,-5.28,0,1
0b18d63d0cd1d723567903fd34a07df2,-15.03571429,0,14
0b0ddbc7b9d9584f442c7ac92b0ff6c9,-17.14,0,3
0b09101900100c0e9d312861fad5a1b9,-60.84,0,1
0af977692321d895349eded183341d28,-7.56,0,2
0af2ab31141893d26aca5a404a537dab,-5.25,0,1
0ade5cc4a305ed7093a23f68ca47519c,-20.135,0,2
0ad80de75c811326389cfb1daba7d45e,-11.75833333,0,6
0aa2205ca24f113f4658a5c536667426,-13.36909091,0,11
0a82f5fb06a4fe4ac2cf7cb412ec71b8,-9.19,0,2
0a198e95d32b1be2da9424c962a6ebfa,-3.45,0,1
09bad886111255c5b5030314fc7f1a4a,-3.646,0,5
0951a6e282947e09cd47969f4ed0b47f,-7.328571429,0,7
094ced053e257ae8cae57205592d6712,-14.94736842,0,19
0936e1837d0c79253456bbb2ffaaef10,-11.71,0,2
091065b789659bc3cd9af9cb3a6253ff,-10.105,0,2
08f5819815f3d06545011850bd70f0a8,-14.61333333,0,3
08d1c9478fb0d7d7fcac9c0da4e82fc7,-12.25,0,1
08d0949a9a17c027262db1f3c450c26c,-11.10166667,0,12
08ad4ac1388e4420ca531c3edfc46198,-11.37714286,0,7
085f6f7e049c996695fb2074fe38d45e,-14.44875,0,8
08084d990eb3f53af056ccbc1730c8a7,-14.99083333,0,12
07e8e8fc5222bb358e6f259da3197074,-5.765,0,2
07d75e33f2750d97d467fb57e4dfdd8a,-10.805,0,2
07bf9669d84d1f11be443a9dd938f698,-18.39541667,0,24
07a9bc7f61396b658ddf3ac534efe44c,-4.52,0,1
079d295dcbf06ee8bb1b65ba964eb2b6,-9.843,0,10
0791d9fc1e30678ecf03d3e55fa108d3,-17.57636364,0,11
077c5fae4bea9500e3737b16f71b9d3a,-9.083333333,0,6
0761743cbffb25d7148189e9f1a5f03a,-7.257142857,0,7
0743a0239d764b9a0f959a57d07e36ab,-6.3275,0,4
07017df32dc5f2f1d2801e579548d620,-24.73333333,0,9
06bb3a2fe5e7b7a845b13e8fb91bd944,-13.09388889,0,18
06532f10282704ef4c69168b914b77be,-12.3725,0,8
062c325cd6a2b87845fab56b4ec2eeae,-8.81,0,2
05feb94f19d094d4b0f9281f0b1d4c99,-12.475,0,6
05a940b4ecae36cadfd8e93bd9c43257,-14.19333333,0,9
05a48cc8859962767935ab9087417fbb,-17.22,0,1
05730013efda596306417c3b09302475,-10.73,0,4
0570350b23eda5444f8d1d9544932058,-12.38272727,0,11
052577151711aec5c744fe12e66db3e1,-11.19,0,1
04ee0ec01589969663ba5967c0e0bdc0,-12.45,0,1
044668ccd5316b12a7cf0d54a156e3e9,-24.0725,0,4
039b29ff3b3473435d0cd59040575de9,-9.961111111,0,9
034b9387752bfa309f350a70cd45ffa3,-14.65125,0,8
0336182e1b3e92f029d5354832045fdf,-41.14,0,2
0307f7565ff85b299b6e5ef162b1b1a9,-16.08666667,0,6
02ecc2a19303f05e59ce133fd923fff7,-14.31791667,0,24
02c988090b766852e088c69d7fb3b551,-10.206875,0,16
02b72cdeb9cfcc429f1af6f4e3f3b737,-8.285,0,4
028872bfa080090a9d0abd4f1af168f8,-14.14,0,3
024b564ae893ce8e9bfa02c10a401ece,-39.9725,0,8
01ed254b9ff8407dfb9d99ba1e17d923,-16.234,0,5
01c97ebb5cdac52891c0ed1c37ba0012,-8.558333333,0,12
01bcc9d254a0143f0ce9791b960b2a47,-17.623,0,10
014d9a685fd57276679edd00e07089e5,-11.9175,0,12
013900e863eace745d3ec7614cab5b1a,-15.35846154,0,26
01266d4c46afa519678d16a8b683d325,-8.6,0,3
011b0eaba87386a2ae96a7d32bb531d1,-29.52,0,2
010da0602d7774602cd1b3f5fb7b709e,-9.11,0,5
010543a62bd80aa422851e79a3bc7540,-7.755,0,2
00d8b143d12632bad99c0ad66ad52825,-21.3,0,1
00ab3eff1b5192e5f1a63bcecfee11c8,-9.46,0,1
003554e2dce176b5555353e4f3555ac8,-26.07,0,1
0015a82c2db000af6aaaf3ae2ecb0532,-15.59,0,3